 Wendy Schaal,4424,0.074
 Yasmine Bleeth,1818,0.234
 Paris Berelc,7562,0.24
 Ray Romano,3930,1.46
 Dwight Schultz,4486,0.131
 Lynda Day George,7760,0.0464
 Jessica Carlson,20336,0.0376
 Oona Laurence,3850,0.084
 Luke Kirby,3514,0.0978
 Jack Whitehall,5306,0.821
 Louis Greatorex,50042,0.0526
 Stephen Collins,6152,0.493
 Tom Guiry,2402,0.116
 Tom Lipinski,9325,0.0309
 Hayley Law,5129,0.0536
 Izabella Scorupco,2154,0.17
 Shree Crooks,6088,0.0307
 Dan Hedaya,5261,0.142
 Emerald Fennell,4066,0.0287
 Anna Akana,5577,0.323
 Diana Hopper,9681,0.0324
 Siobhan Fallon Hogan,2682,0.0496
 Stassi Schroeder,8118,0.409
 Ji-won Ha,15480,0.0819
 Thomas Barbusca,3404,0.0586
 Marc Evan Jackson,10978,0.0411
 Sara Malakul Lane,2251,0.375
 Sarayu Blue,12955,0.0298
 Silas Weir Mitchell,3055,0.167
 Danny John-Jules,6938,0.072
 Andrea Bowen,7477,0.139
 Pete Davidson,13212,16.5
 Jason Earles,6669,0.154
 Austin P McKenzie,12861,0.00948
 Michael Malarkey,3743,0.247
 Dascha Polanco,2152,0.432
 Max Gail,8238,0.0772
 Michael Cerveris,12504,0.129
 Mackenzie Astin,2897,0.0803
 Christina Milian,4812,6.94
 Rebecca Liddiard,14363,0.0222
 Reiko Aylesworth,3988,0.094
 Laura Allen,6747,0.213
 Amanda Wyss,3417,0.0624
 Ryan Lee,5259,1.1
 Tovah Feldshuh,6302,0.132
 Kevin Heffernan,8123,0.0896
 Maud Adams,8312,0.185
 Vanessa Ross,6243,0.027
 Fred Dekker,17743,0.0714
 Kerri Doherty,68557,0.0118
 Amy Spanger,14026,0.0231
 Diana Muldaur,4843,0.0572
 Kulap Vilaysack,6736,0.0246
 Kevin Michael Richardson,4785,0.253
 Hal Ozsan,9047,0.0224
 Elizabeth Bourgine,9740,0.0128
 LQ Jones,5522,0.0965
 Ardal OHanlon,6505,0.0181
 Matt Lauria,4136,0.0851
 Utkarsh Ambudkar,7014,0.0657
 Aidy Bryant,10347,0.23
 Adil El Arbi,35956,0.0322
 Elpidia Carrillo,8263,0.0752
 David Zayas,5684,0.191
 W Earl Brown,4884,0.0799
 Jennifer Schwalbach Smith,2893,0.0554
 Lisa Brenner,10069,0.0521
 Tracy Ann Oberman,12100,0.0431
 Nicholas Brendon,4135,0.185
 Stephen Tobolowsky,4569,0.224
 Lyne Renee,9528,0.0686
 Eva Marie Saint,5908,0.437
 Fiona Button,37441,0.261
 Ethan Phillips,4213,0.127
 Elise Gatien,7393,0.0343
 Jeffrey DeMunn,3752,0.204
 David Ayer,3758,0.862
 Eriq La Salle,4011,0.121
 Trish Van Devere,14489,0.0441
 Eamonn Walker,6080,0.153
 Machine Gun Kelly,3094,4.59
 Beau Knapp,4217,0.103
 Ian Ziering,5717,0.854
 Griffin Gluck,2780,0.0734
 Isaach De Bankol,15945,0.0147
 Robert Pine,2442,0.0907
 Salome Jens,5271,0.037
 Paris Jackson,1575,7.55
 Tom Riley,4706,0.203
 Jon Gries,5034,0.27
 Jacqueline Robbins,18994,0.0452
 Lulu Wilson,11118,0.0885
 Rachael MacFarlane,6687,0.0615
 Max Casella,4670,0.0961
 Gethin Anthony,4715,0.0812
 Bill Burr,4629,1.81
 Olivier Martinez,5179,0.348
 Ariela Barer,14890,0.0545
 Rachel Melvin,5254,0.0688
 Matt Lucas,3263,0.323
 Bitty Schram,5650,0.0902
 Dave Foley,4901,0.192
 Robert Smigel,11277,0.0931
 AJ Langer,5283,0.0416
 Jon Bass,3059,1.85
 James Callis,5054,0.0942
 Jon Watts,5854,0.217
 Hartley Sawyer,19734,0.0832
 Erin Cahill,5515,0.103
 Ryan Newman,3032,2.47
 Rupert Evans,3836,0.398
 William Smith,5527,4.24
 David Ramsey,3071,0.93
 Celina Jade,6361,0.165
 Richard Harrington,4932,0.161
 Thure Lindhardt,2923,0.308
 Paige OHara,1956,0.0113
 Cassi Thomson,7650,0.181
 Yeardley Smith,4171,0.233
 Chord Overstreet,4643,1.68
 Andy Favreau,11847,0.029
 Lisa Whelchel,5162,0.473
 James L Brooks,4605,0.294
 Brian Doyle-Murray,4641,0.11
 Yuji Okumoto,12636,0.0346
 Bruce Davison,5342,0.289
 Ian Bohen,7069,0.629
 Richard Riehle,5423,0.14
 Dan Soder,7516,0.0644
 Ryan Merriman,4684,0.142
 Kelli Barrett,7907,0.0327
 Robert Wisdom,7738,0.126
 Corinne Bohrer,4200,0.225
 Alison Eastwood,4241,0.115
 Drew Carey,7947,1.32
 Andy Buckley,6742,0.0639
 Natalie West,16118,0.0325
 Justin Kirk,4614,0.519
 Laurel Coppock,3008,0.0177
 Josh Trank,8218,0.154
 Linnea Quigley,6455,0.452
 Jasper Pkknen,5662,0.0116
 Jacqueline MacInnes Wood,5074,0.531
 Jennifer Grant,5022,0.132
 Ron Jeremy,4912,7.52
 Marc Alaimo,7896,0.0363
 Arthur Darvill,3388,0.317
 Sandahl Bergman,5780,0.133
 Christopher Masterson,3454,0.359
 Karyn Parsons,3825,0.199
 Michael Raymond-James,3703,0.424
 JoBeth Williams,4996,0.266
 Fred Durst,13213,0.416
 Eddie Kaye Thomas,3716,0.147
 Mike Henry,5322,0.34
 Reign Edwards,17695,0.769
 Tracy Scoggins,5127,0.0858
 Caterina Murino,2951,0.211
 Dan Castellaneta,4858,1.03
 Lorraine Gary,11360,0.07
 David Henrie,4887,0.72
 Antony Starr,4219,0.0891
 Leah Gibson,11096,0.0835
 Tony Sirico,6016,0.115
 Tommy Martinez,25265,0.0397
 Sprague Grayden,4611,0.054
 Mili Avital,5884,0.0458
 Heida Reed,9206,0.101
 Bill Goldberg,6055,0.422
 Chris Hardwick,5039,3.44
 William Devane,5631,0.163
 Leah Pipes,4990,0.183
 Ian Harding,2533,0.76
 Bernard Cribbins,9403,0.149
 Gus Van Sant,5444,0.933
 Evan Williams,3653,0.77
 Oprah Winfrey,3649,24.2
 Rene Willett,34124,0.000449
 Gabrielle Walsh,15826,0.0418
 Yunjin Kim,3165,0.193
 Suzanne Snyder,6615,0.0516
 Joe Piscopo,13136,0.196
 Maurice Compte,6179,0.0564
 Russ Tamblyn,3324,0.17
 Carly Schroeder,4867,0.303
 Robert Duncan McNeill,2978,0.0788
 Alfonso Ribeiro,6098,0.438
 Ricardo Darn,8597,0.115
 Scott Wilson,3090,1.42
 Inga Swenson,18535,0.0243
 Rebecca Breeds,4345,0.0707
 Penelope Wilton,5517,0.177
 Meaghan Martin,5962,0.122
 Sarah Ramos,4748,0.0901
 Doug Liman,1267,0.363
 Mercedes Ruehl,3929,0.112
 Scott Baio,5131,0.647
 Robert Picardo,4205,0.218
 Lisa Ryder,11005,0.0652
 Brigid Brannagh,3602,0.0602
 Jacqueline Obradors,6120,0.115
 John Jarratt,10022,0.0799
 David Herman,5073,0.204
 Gabrielle Dennis,6214,0.139
 Sarah Butler,4440,0.338
 Jayson Blair,10151,0.227
 Scott Cohen,5952,0.252
 Charles Shaughnessy,6221,0.124
 Chauncey Leopardi,4278,0.031
 Lisa Jakub,3224,0.0366
 Caitlyn Jenner,3322,5.59
 Pascale Hutton,5712,0.0705
 Jason Behr,5959,0.145
 Wyatt Oleff,2564,0.231
 Jemar Michael,2870,0.00646
 Stephanie Katherine Grant,8831,0.0151
 David Faustino,4894,0.143
 Kyle Bornheimer,7893,0.0735
 Mary Wiseman,14097,0.061
 Aaron Staton,6150,0.0671
 Laura Main,5315,0.0503
 Christine Lahti,2917,0.165
 Gavin MacLeod,7678,0.434
 Eve Plumb,6900,0.147
 Michael Nouri,8134,0.108
 Yvette Mimieux,6385,0.174
 Dominic Scott Kay,3616,0.0204
 Gabrielle Miller,6384,0.112
 Michael Murphy,11647,1.76
 Brooke Williams,7601,0.288
 Bryan Greenberg,3280,0.207
 Heidi Klum,6051,24.1
 Sarah Lind,9552,0.31
 Annie ODonnell,38328,0.00436
 David O Russell,4669,0.596
 Brian Krause,5210,0.265
 Gates McFadden,4554,0.143
 Emmy Clarke,10142,0.0167
 Nick Gehlfuss,3891,0.0775
 Sam Mendes,4445,1.14
 Irrfan Khan,3822,4.13
 Greg Vaughan,4889,1.18
 Isaac Hempstead Wright,2887,0.229
 Greg Grunberg,4644,0.199
 Johnny Pemberton,7798,0.0546
 Cas Anvar,7360,0.0999
 Peter Weir,6674,0.482
 Rarmian Newton,30791,0.0146
 Alexandra Paul,1878,0.287
 Ava DuVernay,9095,2.32
 Yasmine Al Massri,3423,0.0472
 Ron Cephas Jones,4472,0.0533
 Zuleikha Robinson,4558,0.14
 Peter Jacobson,8369,0.19
 Alia Bhatt,4685,24.5
 Donna Wilkes,13751,0.0471
 Courtney B Vance,4293,0.306
 Alexis Georgoulis,12209,0.0448
 TJ Thyne,4928,2.17
 Amy Stoch,14807,0.0415
 Henry Simmons,5551,0.216
 Miriam Margolyes,5887,0.169
 Richard Tyson,5630,0.0975
 Pamela Reed,7059,0.127
 Ral Esparza,5052,0.0056
 Perrey Reeves,3220,0.187
 Ferdia Walsh-Peelo,6059,0.0378
 Nicole Polizzi,9604,0.246
 Victoria Yeates,5640,0.032
 Lauren Tom,3001,0.162
 Eddie Cibrian,2975,0.598
 Neil Brown Jr,8201,0.0819
 Jarred Blakiston,55787,0.0114
 Brendan Coyle,5629,0.151
 Nicole da Silva,3794,0.101
 Chase Masterson,6447,0.066
 Art Malik,9750,0.0747
 Matt Craven,5958,0.104
 Julia Duffy,7367,0.0731
 Tadanobu Asano,6533,0.203
 Brian Patrick Wade,13558,0.0454
 Stefania Spampinato,75644,0.0149
 Christie Peruso,61132,0.0334
 Akshay Kumar,4612,22.3
 Alaina Huffman,4052,0.113
 Tina Desai,184,0.271
 Avi Lake,21678,0.00954
 Amaury Nolasco,2130,0.33
 Sorin Brouwers,21152,0.0228
 Paterson Joseph,8227,0.0615
 John Landis,5612,0.732
 Curtis Armstrong,4627,0.222
 David Sutcliffe,5390,0.107
 David Walliams,5623,0.776
 Elke Sommer,8612,0.245
 Katie Leclerc,3520,0.135
 Mo McRae,14879,0.0439
 John Larroquette,5307,0.226
 Eric Braeden,8739,0.237
 Bonnie Morgan,2947,0.0635
 Anastasia Baranova,3536,0.0756
 Erica Schmidt,6049,0.0452
 Joan Severance,3411,0.221
 Toby Huss,5043,0.0938
 Sebastian Bear-McClard,121398,0.0392
 Jeff Leatham,30536,0.152
 Noel Fielding,5446,0.367
 Jean-Luc Bilodeau,4112,0.2
 Patrick Bergin,7316,0.118
 Heather Thomas,4805,0.513
 Alain Washnevsky,67846,0.0174
 Josh Brener,3729,0.0978
 Scott Wolf,1992,0.289
 Sam Reid,5657,0.136
 Richard Brake,3926,0.077
 Louis Garrel,7430,0.302
 Meredith Baxter,7297,0.221
 Carlson Young,4511,0.138
 Thekla Reuten,5871,0.0568
 Michel Gondry,4801,0.721
 Sebastian Roch,3983,0.0217
 Rob Mayes,6785,0.0614
 Susan Clark,8486,1.06
 Ruta Gedmintas,3696,0.0989
 Mindy Sterling,6403,0.13
 Bill Hudson,1856,0.142
 Lillo Brancato,2801,0.0593
 John DiMaggio,4128,0.387
 Demin Bichir,1978,0.166
 Charlotte Lewis,6402,0.28
 Blake McIver Ewing,5719,0.0197
 Carly Craig,6921,0.0962
 Rahul Kohli,3369,0.132
 Paul Ready,30392,0.0497
 Pooja Shah,106872,0.329
 Mekhi Phifer,5325,0.358
 Sophie Ward,8185,0.0655
 Matthew Willig,6167,0.0342
 Charlotte Atkinson,34914,0.0276
 Tom Waits,4778,5.46
 Nate Richert,5122,0.0714
 Robinne Lee,11594,0.0803
 Erin Karpluk,4437,0.0913
 Wilford Brimley,5246,0.272
 Susannah Harker,4506,0.0468
 Tituss Burgess,5802,0.229
 Shawn Roberts,3193,0.186
 Jaclyn Betham,56980,0.0135
 Beanie Feldstein,10117,0.13
 Connie Stevens,6690,0.426
 Erinn Bartlett,4846,0.0333
 Reba McEntire,6187,4.67
 Leon Russom,11293,0.0628
 Stephen McFeely,25583,0.141
 Jadyn Wong,3717,0.0662
 Christie Brinkley,3991,2.52
 Illeana Douglas,5636,0.158
 Jack Dylan Grazer,6286,0.329
 Blair Redford,7496,0.0864
 Veerle Baetens,10812,0.0869
 Chris Makepeace,11922,0.0288
 Sofia Hublitz,41541,0.0195
 Amy Manson,3288,0.0977
 Josh Dylan,92367,0.0176
 Martyn Ford,2680,0.0952
 Kareem Abdul-Jabbar,11365,1.94
 Mariel Hemingway,5464,0.292
 Katia Winter,4595,0.178
 Tina Turner,7250,8.45
 Dean Cameron,6659,0.0768
 Nicole Beharie,2405,0.237
 Corey Hawkins,2918,0.15
 Brett Ratner,5874,0.925
 Adam Sinclair,10209,0.0516
 Mindy Cohn,7035,0.13
 Annette Badland,12840,0.0431
 Blair Underwood,5251,0.372
 Mimi Kennedy,7251,0.0695
 Travis Willingham,5610,0.175
 Jonas Armstrong,6850,0.106
 Erika Alexander,3638,0.0947
 Madison McKinley,9471,0.0913
 Nick Swardson,4635,0.428
 Stephen Geoffreys,10369,0.0399
 Lusia Strus,7967,0.0289
 Renny Harlin,8385,0.207
 Nadja Bobyleva,3129,0.0224
 Nick Blood,7626,0.0765
 Nick Bateman,6415,1.38
 Joe Thomas,6887,1.39
 Jacki Weaver,6170,0.272
 Gary Dourdan,5362,0.18
 Teilor Grubbs,5303,0.0522
 Chiaki Kuriyama,4956,0.162
 Eric Allan Kramer,7227,0.0954
 David Moscow,3614,0.0598
 Sarah Levy,4077,0.0517
 Joanna Kulig,13780,0.139
 Colin Trevorrow,5916,0.621
 Clare-Hope Ashitey,3226,0.0383
 Michael Weston,6480,0.143
 Alberto Rosende,9542,0.227
 Caroline Goodall,2659,0.115
 Dylan Bruce,4851,0.169
 Candis Cayne,8188,0.114
 Tyra Banks,5181,11.7
 Jason David Frank,3903,0.345
 Richard T Jones,5744,0.192
 Dante Basco,3452,0.158
 Maggie ONeill,11821,0.0284
 Sally Struthers,5323,0.188
 Spencer Breslin,5594,0.0912
 Mary Crosby,8506,0.1
 Benjamin Hollingsworth,9862,0.0397
 Jacob Lofland,1835,0.0804
 Paolo Sorrentino,6261,0.319
 Derek Mears,4484,0.105
 Phylicia Rashad,5608,0.737
 Kane Hodder,5992,0.294
 Phyllis Logan,5399,0.115
 Callie Thorne,3898,0.109
 Robert Maillet,7972,0.0573
 Martin Compston,1078,0.0789
 Jeff Cohen,4632,0.186
 William Sanderson,4471,0.126
 Danny Elfman,5134,1.46
 Enrique Murciano,1815,0.237
 Ben Shenkman,7865,0.075
 Johann Urb,8252,0.0869
 Elliot Fletcher,4303,0.0275
 Mo Collins,6111,0.122
 Jonathan Breck,8920,0.0506
 Elisa Lasowski,3923,0.0807
 Kelly Bishop,5186,0.139
 Caroline Williams,10945,0.192
 Simon McBurney,7021,0.102
 Ruta Lee,10272,0.0715
 Olivia Luccardi,6064,0.0875
 Catherine Steadman,7032,0.056
 Matt Berry,8044,0.17
 Leslie Jones,5169,2.17
 Jordan Masterson,5101,0.0353
 Christian Bach,937,0.24
 Marnette Patterson,4131,0.071
 Dave Sheridan,7455,0.0773
 Terry Jones,5224,4.48
 Kim Fields,2950,0.287
 Rade Serbedzija,3690,0.32
 Erik Per Sullivan,3819,0.0866
 Kevin Rankin,6522,0.0798
 James Marshall,1760,1.31
 Anne Lockhart,9008,0.0484
 Jon Lovitz,5896,0.33
 Max Lloyd-Jones,5136,0.0394
 Tony Bellew,13841,0.345
 Levy Tran,15587,0.14
 Melanie Nicholls-King,18700,0.0331
 Sasha Jackson,3922,0.0733
 Susan Ward,4705,0.34
 Billy Boyd,6350,0.487
 Bill Moseley,7682,0.232
 Ben Chaplin,5057,0.128
 Elizabeth Whitmere,3608,0.0113
 Brian dArcy James,2570,0.00955
 Ser Anzoategui,189976,0.016
 Emily Atack,8107,0.179
 Barbara Rush,8300,0.201
 John Benjamin Hickey,7404,0.114
 Greyston Holt,4287,0.0638
 Quinn Shephard,6102,0.0704
 Sam Riley,3136,0.36
 Danny Pino,6499,0.169
 Karan Brar,6330,0.537
 Mike Birbiglia,3939,0.26
 Justin Chon,7689,0.165
 Ray Santiago,11945,0.138
 Tyler Blackburn,2936,0.561
 Melina Vidler,19939,0.0272
 Khris Davis,72280,0.325
 Anna Karina,8059,2.06
 Judd Hirsch,3933,0.216
 Manny Jacinto,17791,0.038
 David Prowse,3265,0.222
 Peter Riegert,8965,0.101
 Vanessa Paradis,4980,11.2
 Aneesh Chaganty,261595,0.0123
 Brbara Lennie,7766,0.000431
 Kaitlyn Leeb,6573,0.0785
 Terry Kinney,3432,0.132
 Ryan Stiles,7217,0.221
 Rhyon Nicole Brown,19505,0.0135
 Marija Juliette Abney,568027,0.00387
 James Wolk,4304,0.118
 Leanne Lapp,3634,0.0241
 Tim McInnerny,6907,0.0806
 Michaela Watkins,5982,0.135
 Elysia Rotaru,4733,0.133
 Rob Raco,1661,0.0515
 Beth Dover,5428,0.0294
 Mario Lopez,7040,4.91
 Judith Roberts,17723,0.0679
 Seychelle Gabriel,2188,0.098
 Navi Rawat,7826,0.0653
 Gayle Rankin,27341,0.0176
 Owen Teague,7406,0.0646
 Chris Colfer,4076,1.78
 Aaron Ashmore,5230,0.126
 Alice Evans,5602,0.193
 Kay Lenz,6487,0.145
 Dalip Singh,4098,0.173
 Rich Sommer,5439,0.113
 Michael Haneke,5239,0.603
 Adam Copeland,6927,0.123
 Sarah Vowell,7845,0.291
 Nicholas Hamilton,1750,0.15
 Dale Pavinski,26102,0.0627
 Marshall R Teague,9472,0.0234
 Ally Maki,2816,0.0627
 Robin McLeavy,6408,0.047
 Douglas Hodge,8502,0.371
 Cheech Marin,6548,0.944
 Tom Mison,2908,0.246
 John Pyper-Ferguson,4382,0.0572
 Gemma Jones,6976,0.182
 Laura Marano,4975,3.9
 Nikolaj Lie Kaas,6565,0.0998
 Skai Jackson,5406,1.44
 Amy Aquino,3697,0.0805
 Kate Bond,29281,0.0799
 Max Adler,9392,0.0914
 Ben Browder,948,0.146
 Lorraine Toussaint,4604,0.144
 Karen Dotrice,7487,0.0493
 Dawn Wells,5050,0.286
 Stephen McHattie,4616,0.128
 Patrick Wayne,6007,0.534
 Stephanie Courtney,5691,0.103
 Tim Russ,6466,0.116
 Kevin J OConnor,4760,0.0121
 Rhiannon Fish,4768,0.284
 Emily Swallow,5346,0.307
 Hayley McFarland,4780,0.0687
 Anna Deavere Smith,7363,0.158
 Bret Harrison,5410,0.056
 Tahar Rahim,11450,0.15
 Timothy Hughes,262108,0.137
 Mark Rolston,4987,0.121
 Jack Johnson,11489,6.44
 Ben Savage,5603,0.884
 Cory Hardrict,10661,0.31
 Ramses Jimenez,32919,0.0133
 Julie Graham,5463,0.138
 Morgane Polanski,4126,0.0413
 William Jackson Harper,11997,0.0507
 Hayes MacArthur,7482,0.092
 Barbara Bach,4885,0.306
 Lindsey Gort,536,0.0344
 Kris Holden-Ried,6437,0.105
 Millie Brady,269,0.1
 Max Brown,8273,0.415
 Sierra Aylina McClain,7582,0.0214
 Sean Hayes,5095,1.1
 Alexandra Park,9176,0.472
 Barkhad Abdi,1314,0.165
 Kerri Kenney,8334,0.0511
 Enrique Arce,34793,0.0575
 Josh Bowman,1052,0.26
 Nick Chinlund,7883,0.0809
 Alan Rosenberg,4574,0.0989
 Geraldine James,2607,0.157
 Louis Hofmann,13280,0.0722
 Richard Moll,5622,0.099
 Cameron Mathison,9725,0.127
 Sean Whalen,7707,0.0894
 Kareena Kapoor Khan,5064,6.83
 John Nettles,6082,0.0881
 Avril Lavigne,6075,17.2
 Richard Dormer,3509,0.0695
 Campbell Scott,4498,0.353
 Joshua Malina,6318,0.127
 Yasiin Bey,4599,0.251
 Cara Theobold,6498,0.0459
 Brianne Howey,4697,0.0849
 Joel McKinnon Miller,8002,0.0883
 Valry Lessard,95839,8.40E-05
 Samantha Bond,2299,0.13
 Kaitlyn Black,7740,0.0455
 Crystal Lowe,5510,0.189
 Madeleine Madden,75045,0.0112
 Jay R Ferguson,5139,0.0804
 Maria Grazia Cucinotta,5437,0.324
 Matthew Morrison,2393,0.898
 Greg Wise,5987,0.0959
 Lark Voorhies,7942,0.203
 Joe Johnston,7527,0.49
 Aitana Snchez-Gijn,7358,0.0512
 Nathalie Boltt,5019,0.043
 Pamela Sue Martin,6696,0.109
 David Harewood,3195,0.207
 Susan Yeagley,8282,0.0421
 Greg Cipes,5473,0.19
 Delroy Lindo,5876,0.201
 Barbara Niven,5580,0.11
 Kimberlee Peterson,15549,0.0329
 Josie Davis,3875,0.171
 Carlos Miranda,47717,0.366
 Cameron Britton,110714,0.0294
 Elyse Levesque,5456,0.0933
 Jane Kaczmarek,4790,0.223
 Ayden Mayeri,11689,0.0156
 Hrithik Roshan,3976,11.1
 Richard Masur,4755,0.106
 Neil Marshall,1488,0.185
 Miguel Sandoval,8978,0.208
 Robert Oliveri,10636,0.0192
 Kelly AuCoin,3119,0.0325
 Ann Ogbomo,37082,0.0184
 Sebastian Sozzi,21352,0.0119
 Eric Andr,6031,0.682
 Grant Show,7410,0.153
 Tara Holt,8983,0.0581
 Billy Brown,6207,0.39
 Tricia OKelley,4454,0.00573
 John Light,5690,0.159
 Peta Jensen,12385,19.4
 Dora Madison,6357,0.0927
 Hannah Levien,20378,0.0262
 Jimmy Tatro,13714,0.199
 Vincent Gallo,7238,0.296
 Skandar Keynes,4937,0.277
 Tonya Harding,33775,1.45
 Mike Farrell,5226,0.234
 Sarah Gilman,11853,0.074
 Helen Shaver,6367,0.127
 Christian Cooke,6058,0.117
 Vladimir Furdo Furdik,6523,0.0289
 Peyton Reed,12139,0.298
 Natalia Reyes,83564,0.284
 Parker McKenna Posey,5755,0.091
 Kirk Cameron,5638,1.13
 Lynn-Holly Johnson,7096,0.0575
 Daryl Mitchell,5431,0.0749
 Travis Van Winkle,5590,0.0788
 Alun Armstrong,6616,0.0954
 Jay Anstey,92334,0.0177
 Renee Olstead,4341,0.424
 Mitchell Hurwitz,13512,0.0419
 Conchata Ferrell,6220,0.146
 Jake Abel,3051,0.224
 Peter Coyote,6791,0.285
 Emmanuel Lewis,9207,0.0834
 Sandra Escacena,1132816,0.0454
 Claudia Wells,3784,0.0981
 Clay OBrien,14057,0.00281
 Greg Finley,3954,0.0583
 Steve Talley,5197,0.0547
 David Midthunder,17649,0.0228
 Liam OBrien,6497,0.0143
 Cody Christian,4840,1.17
 Jenifer Lewis,5009,0.236
 Quinton Aaron,9182,0.157
 Scarlett Byrne,5143,0.105
 Catherine Hicks,6501,0.183
 Mindy Robinson,3956,0.331
 Cindy Crawford,6761,13.8
 Lucas Bryant,7889,0.101
 Andrew Buchan,7540,0.0704
 Joseph Cross,4311,0.164
 Jonathan Sadowski,4017,0.0874
 Blake Harrison,8382,0.102
 Jewel Kilcher,2938,0.162
 Allan Hawco,7895,0.045
 Raoul Bova,8527,0.29
 Martin Clunes,7031,0.133
 Adriana Lima,4125,17
 Rosie ODonnell,5979,0.123
 Valerie Bertinelli,4376,0.904
 Steve McQueen,3025,9.75
 Marta DuBois,8158,0.0112
 Joe Wright,6308,1.15
 Gianni Decenzo,93759,0.0146
 Tim Reid,5474,0.131
 Mitch Pileggi,5182,0.205
 Devin Ratray,5945,0.0651
 Anna Brewster,2851,0.131
 Pawel Pawlikowski,30204,0.109
 JP Karliak,85385,0.0242
 Mekia Cox,3260,0.0608
 Jennifer Irwin,9619,0.0703
 Lainie Kazan,5176,0.156
 Bradley Pierce,6092,0.0584
 Keith Coogan,5081,0.0679
 Sarah Jane Morris,9646,0.122
 Dedee Pfeiffer,5819,0.0598
 Alex Price,3310,0.115
 Sian Gibson,8835,0.0216
 Lolita Davidovich,4016,0.0849
 Fiona Vroom,6369,0.0326
 Andrea Elson,9103,0.0542
 Cameron Crowe,5256,0.673
 Samuel Barnett,6129,0.093
 Jake Thomas,7436,0.178
 Kathrine Narducci,4720,0.0393
 Kathleen Munroe,3079,0.0645
 Jamie Anne Allman,6551,0.0218
 Ashton Holmes,7142,0.136
 Kevin McNally,3596,0.165
 Laura Bertram,9837,0.038
 Elliot Knight,10167,0.0627
 Melanie Liburd,6178,0.0383
 Dan Futterman,9317,0.0675
 Alex Sharp,24265,0.09
 Coyote Shivers,16634,0.0181
 Brianne Davis,4172,0.105
 Rebecca Staab,4039,0.0415
 Maria Thelma Smradttir,92506,0.113
 James Haven,6169,0.0705
 Jamie Costa,15052,0.148
 Jenn Lyon,8271,0.0341
 Richard Rankin,4468,0.0994
 Penny Johnson Jerald,9820,0.117
 Randy Wayne,10213,0.398
 A Martinez,4156,4.74
 Teyonah Parris,4065,0.203
 Stephen Rea,7548,0.229
 Molly Price,3273,0.0544
 Kel Mitchell,4649,0.171
 Sarita Choudhury,4306,0.253
 Marlo Thomas,6612,0.558
 Kimiko Glenn,3010,0.147
 Nick Cannon,7416,6.87
 Brittany OGrady,11812,0.0163
 MC Gainey,6534,0.37
 Cindy Williams,5840,0.424
 Adam Huber,40429,0.0327
 Bob Barker,10189,0.851
 Clive Russell,5663,0.068
 Dany Garcia,4708,0.0881
 Rosenda Monteros,6825,0.0149
 Cynthia Watros,5278,0.0813
 Gary Daniels,7128,0.15
 Jake Short,9568,0.428
 Ludivine Sagnier,4106,0.541
 Alexandra Dowling,7127,0.0389
 Samantha Isler,3580,0.0404
 Chrissie Fit,12968,0.252
 Camryn Manheim,6790,0.195
 Tony Danza,6099,0.676
 Cheyenne Jackson,3581,0.422
 Ali Liebert,7990,0.0624
 Crystal Bernard,5273,0.106
 Charlotte Hope,4093,0.21
 Annie Costner,13114,0.00673
 Casey Wilson,4251,0.262
 Priscilla Faia,5965,0.0325
 Kaylee DeFer,4680,0.105
 Tom Noonan,4838,0.164
 Laz Alonso,8104,0.239
 Austin Amelio,6397,0.0802
 Loretta Devine,6044,0.433
 Chrissy Teigen,3335,17.4
 Emilija Baranac,11381,0.215
 Alexandra Jimnez,22868,0.000131
 Fiona Dolman,14001,0.0158
 Susan Lynch,10787,0.116
 Melanie Papalia,7554,0.0625
 John Astin,6123,0.177
 John Cameron Mitchell,6993,0.325
 Sophie McShera,4223,0.119
 Cary Guffey,5592,0.0219
 Joe Spano,9608,0.0515
 Joy Bryant,5361,0.299
 Daniel Sunjata,5806,0.165
 Anthony Higgins,7962,0.104
 June Squibb,8425,0.119
 Virginia Williams,5785,0.226
 Milo Gibson,3233,0.0253
 Dinah Manoff,5546,0.0609
 Nadia Bjorlin,3715,0.607
 Currie Graham,6945,0.0618
 Janel Moloney,3704,0.113
 Edward Fox,6890,0.329
 Francesca Annis,2717,0.138
 Flula Borg,10448,0.0794
 Gavin OConnor,7378,0.0246
 Aisha Hinds,3019,0.126
 Brian Bloom,6713,0.121
 Adrienne Houghton,7205,0.19
 Ali Cobrin,6191,0.141
 Victoria Pratt,6355,0.121
 Jamie Rene Smith,6988,0.00489
 Brian J Smith,445,0.339
 Carol Lynley,5183,0.153
 Byron Mann,12362,0.119
 Kari Matchett,4246,0.105
 Julie McCullough,8669,0.102
 Rosalind Chao,6709,0.0634
 Tim McGraw,5011,9.02
 Brandy Norwood,8472,0.364
 Emilia Jones,4729,0.0487
 Harriet Walter,4621,0.108
 Natalie Brown,2737,0.247
 Marguerite MacIntyre,5212,0.0717
 Peter Jason,13783,0.178
 Denis OHare,4320,0.0114
 Ted McGinley,5010,0.107
 Lee Kirk,6539,0.0712
 Jahmela Biggs,166392,0.00568
 Sam Jaeger,6398,0.0917
 Bill Duke,6471,0.182
 Joanna Vanderham,6116,0.0446
 Isabella Gomez,8932,0.0741
 Emma Caulfield Ford,4163,0.0347
 Laurence Luckinbill,13532,0.0474
 Martina Garca,4328,0.00036
 Amy-Leigh Hickman,27627,0.0213
 Georgia Hirst,6177,0.0503
 Kyle Mooney,7728,0.143
 Lindsay Crouse,3488,0.0913
 Vik Sahay,11817,0.044
 Susan Gallagher,39743,0.0459
 Geoffrey Owens,1526,0.0279
 Emily Baldoni,7877,0.0731
 Naturi Naughton,3611,0.55
 Pierce Gagnon,6738,0.0566
 Peter Franzn,5705,0.0383
 Emily Tennant,5990,0.0607
 Melonie Diaz,5741,0.133
 Jill Latiano,4289,0.0212
 Valerie Mahaffey,5436,0.0527
 Amy Morton,8050,0.0804
 Charlie OConnell,13033,0.0217
 Brendan Hines,4944,0.0684
 Joyce Hyser,8388,0.0778
 Adrian Paul,5056,0.449
 Maria Menounos,5514,5.12
 Una Stubbs,8248,0.11
 Justin Berfield,5265,0.115
 Joel Schumacher,5233,0.516
 Georgina Reilly,6149,0.0939
 Aisling Bea,7121,0.074
 Anna McGahan,13426,0.0366
 Wayne Brady,8257,0.841
 Gary Burghoff,4653,0.0773
 Harley Quinn Smith,2633,0.0755
 Patti DArbanville,6042,0.00857
 Tracy Pollan,5983,0.0875
 Taylor Hemsworth,174206,0.00752
 David Haig,12047,0.0522
 Drew Pearce,11514,0.0939
 Peter Dante,6840,0.0424
 Jessica Keenan Wynn,29151,0.0282
 Nicky Katt,7361,0.0529
 Courtney Sauls,47416,0.00984
 Nadia Alexander,20245,0.0344
 Brian Benben,7681,0.047
 Yun-Fat Chow,5279,1.14
 Carter Cruise,17075,12.4
 Christian Hillborg,342,0.0161
 Jackie Swanson,5105,0.0242
 Craig Ferguson,5159,2.49
 Stephen Gaghan,5554,0.0795
 Evelyne Brochu,6069,0.135
 Lee Tergesen,5445,0.129
 Chris Columbus,5991,0.717
 Anna Levine,4637,0.111
 Tisha Campbell-Martin,5718,0.188
 Lisa Niemi,7542,0.11
 Donna Dixon,3151,0.105
 David Castro,11103,0.399
 Atandwa Kani,26757,0.0142
 Fatih Akin,10900,0.397
 Kevin Weisman,6018,0.0593
 Obba Babatund,8056,0.0229
 Sierra Capri,1980759,0.0258
 Vernon Wells,5941,0.199
 Don Stark,5613,0.0803
 Jackie Geary,6886,0.011
 Jonathan Kasdan,19182,0.113
 Snoop Dogg,4880,24.7
 Maddie Hasson,5550,0.365
 Romi Rain,10997,14.5
 George Takei,6077,3.56
 Timothy Granaderos,1565,0.104
 Tiger Shroff,17360,5.87
 Tamera Mowry-Housley,7660,0.196
 Charles Grodin,3901,0.262
 Jill Schoelen,10666,0.0712
 Noah Munck,4813,0.0971
 Sarah Alexander,5471,0.19
 Daniel Bonjour,20660,0.0358
 Allen Leech,3854,0.217
 India Menuez,6137,0.0421
 Maiara Walsh,5293,0.142
 Lance Gross,9262,0.32
 Robert Fuller,6483,0.273
 Sonja Sohn,6394,0.0849
 LeVar Burton,5067,0.583
 Trey Smith,9995,0.276
 Deborah Ayorinde,5137,0.0111
 Robert Carradine,1600,0.184
 Jennifer Hudson,2543,10.7
 Tom Courtenay,8473,0.223
 Rutina Wesley,4282,0.34
 Harmony Korine,5772,0.518
 Sterling Sulieman,15198,0.0156
 Debbie Allen,5200,0.743
 Justin Bieber,3317,136
 Logan Paul,2292,12
 Tom Pelphrey,1048,0.0945
 Catherine Oxenberg,5447,0.116
 Jessica Collins,6274,0.221
 Julio Macias,828389,0.0183
 Daniel Franzese,5164,0.148
 Gwen Stefani,3917,24.7
 Esther Povitsky,11281,0.0349
 Tia Mowry-Hardrict,5171,0.181
 Monique Gabrielle,19436,0.423
 Dash Mihok,4966,0.151
 Guillaume Canet,6076,0.427
 Norma Kuhling,9603,0.0796
 Elizabeth Ashley,9565,0.31
 Sonam Kapoor,16234,18.4
 Rochelle Aytes,5166,0.0969
 Blake Cooper,15853,0.0905
 Trevor Stines,1599,0.0679
 Roxanne Hart,13584,0.0833
 Debrah Farentino,11655,0.064
 Alyssa Diaz,6317,0.0987
 Aomi Muyock,6589,0.165
 Kevin Anderson,13428,1.15
 Bree Olson,6202,10.2
 Jesse Jane,4764,5.51
 Barbi Benton,3017,0.332
 Joshua Mikel,12000,0.0401
 Sung Kang,3166,1.04
 John Waters,5140,2.31
 Sydney Tamiia Poitier,4442,0.0438
 Rafaela Mandelli,42197,0.0839
 Carlos PenaVega,7481,0.24
 Jenny Lewis,5822,0.407
 Tommy Tiny Lister,4935,0.0867
 Laura Innes,5813,0.107
 David S Lee,16910,0.136
 Heather Lind,5227,0.119
 Shazad Latif,9918,0.065
 Kelly Thornton,6119,0.0295
 Emilio Rivera,6675,0.175
 Israel Broussard,9684,0.108
 Shoshannah Stern,4624,0.033
 Geoff Pierson,3892,0.0575
 Hera Hilmar,8584,0.17
 Andre Royo,4777,0.094
 Jonny Weston,5873,0.112
 Janel Parrish,2738,0.722
 Katharine Towne,1352,0.0492
 Joan Plowright,6955,0.145
 Alek Skarlatos,270283,0.101
 Amirah Vann,5732,0.0567
 Marsai Martin,11142,0.117
 Michelle Johnson,4657,0.863
 Rebeccah Bush,23379,0.0278
 Alison Bell,53918,0.0512
 Len Cariou,7286,0.154
 Elaine Tan,13050,0.0938
 Chi McBride,5509,0.201
 Brittney Parker Rose,69686,0.0579
 Amanda Redman,9788,0.126
 Brett Gelman,7001,0.141
 Josh Helman,4057,0.0702
 Andrew Dice Clay,6154,0.349
 Chanel Cresswell,7110,0.0198
 Susan Kelechi Watson,5190,0.142
 Isabel May,102207,0.051
 Stephi Chin-Salvo,23918,0.0143
 Stephanie March,6284,0.196
 Elvy Yost,3304,0.0236
 Naomi Campbell,9832,17
 Nonso Anozie,5872,0.101
 Ellen Muth,6223,0.0834
 Lise Slabber,5287,0.0531
 Charlotte McKinney,1989,5.75
 Marion Dunn,1048847,0.0265
 Deborah Van Valkenburgh,9734,0.0354
 Darko Peric,59976,0.0132
 Catherine Reitman,4456,0.0658
 David Dawson,1029,0.324
 Alisha Newton,5927,0.0612
 Rila Fukushima,4244,0.15
 John de Lancie,4661,0.12
 Jenny Mollen,4791,0.171
 Connor Jessup,5103,0.0932
 Eliza Butterworth,602,0.0117
 Tori Black,5161,26.8
 Bruno Ganz,5940,0.245
 Louise Lombard,6015,0.102
 Adam Godley,7143,0.0673
 Maury Sterling,5085,0.0591
 Peter Cambor,9455,0.0364
 Joe Jonas,9845,8.68
 Sean Grandillo,10264,0.0284
 Laura Leighton,6020,0.145
 Max Beesley,971,0.0682
 Lauren Lane,9173,0.277
 Rob Heaps,9061,0.0264
 Katie Lowes,2772,0.223
 Sue Lyon,6511,0.153
 Schuyler Fisk,5548,0.0827
 Deep Roy,5012,0.0897
 Sebastian Pigott,15931,0.03
 Melinda Culea,13579,0.025
 Linda Lavin,4280,0.12
 Scott Evans,13858,1.21
 Michael Welch,4590,0.348
 Chuck Lorre,8217,0.402
 Troy Garity,6626,0.0906
 Vanessa Chester,5591,0.0158
 Sharon Farrell,10479,0.12
 Lindsey Kraft,1296,0.0265
 Michelle Meyrink,4203,0.0302
 Joe Rogan,6136,7.06
 Adah Sharma,13922,2.08
 Jean-Paul Belmondo,7744,0.731
 Brian Blessed,5702,0.267
 Larissa Wilson,16012,0.021
 Michael Beck,6433,0.259
 Tattiawna Jones,5942,0.0144
 Robert Davi,5855,0.195
 Brett Cullen,7784,0.104
 Ryan Cartwright,3389,0.0578
 Suzanne Somers,5419,1.37
 Travis Wester,11340,0.0278
 Tammy Gillis,19831,0.0329
 Richard Grieco,5756,0.127
 Chad Lindberg,6087,0.0968
 Cathy Belton,25209,0.00951
 Beln Rueda,8045,0.00542
 Phyllis Coates,10135,0.0424
 Derek Theler,3762,0.218
 Jonah Hauer-King,39166,0.0102
 Anton Lesser,7973,0.0836
 Kenneth Mitchell,7698,0.135
 Julia Benson,6836,0.145
 Patti LuPone,2133,0.559
 Gigi Hadid,6485,34.8
 Robert Downey Sr,8993,0.0514
 Michael Roark,7133,0.0397
 John Amos,6130,0.28
 Trini Alvarado,9566,0.0575