Ryan McPartlin,0.1018,6
Elisabetta Canalis,0.76625,2
Dante Basco,0.157,5
William Shatner,4.5,0
Tattiawna Jones,0.0159,9
Seth Green,1.515,1
Burkely Duffield,0.06395,7
Kristen Schaal,0.451,3
Giancarlo Giannini,0.25375,4
Laurence Luckinbill,0.0419,8
Zach Roerig,0.316,3
Trevor Tordjman,0.056625,8
Louisa Connolly-Burnham,0.028675,9
Michael OKeefe,2.029125,1
John Woo,0.817,2
Will Swenson,0.07255,7
Scott Michael Campbell,0.1687,5
Tim Matheson,0.26725,4
Lea Michele,11.825,0
Dana Ashbrook,0.096875,6
Jaid Barrymore,0.02665,9
Stuart Whitman,0.1775,5
Lena Waithe,1.567,1
Abby Elliott,0.2575,4
Percy Sledge,0.32125,3
Madison Davenport,0.103625,6
Fred Durst,0.72275,2
William Mapother,0.088275,7
Chloe Brooks,0.040075,8
Jennifer Morrison,6.8625,0
Sasha Jackson,0.07745,7
Edward Norton,5.8,0
Esther Povitsky,0.03755,8
Kelli Giddish,0.171,5
Jesse L Martin,0.32425,3
Judy Collins,0.93125,2
Molly Ephraim,0.207,4
Lily Newmark,0.033425,9
Emmylou Harris,2.005,1
Marco Sanchez,0.10425,6
Michael Beach,0.221,4
Aviva Baumann,0.0492,8
Alice Greczyn,0.16825,5
Cara Delevingne,30.65,0
Julio Macias,0.019975,9
Abby Brammell,0.06245,7
Marina Sirtis,0.5255,2
Brendan Fletcher,0.1315,6
Shannon Tweed,1.7925,1
Louie Anderson,0.302,3
Michael Caine,5.995,0
Donna Murphy,0.6305,2
Jaye Davidson,0.089875,7
Lin Shaye,0.33575,3
Yon Gonzlez,0.0004015,9
Marc Silverstein,0.121875,6
Cynthia Preston,0.051175,8
Alona Tal,0.2305,4
Judi Dench,4.1225,1
Charles Martin Smith,0.1385,5
Dickey Lee,0.06365,7
Billy Ocean,0.50675,3
Joss Ackland,0.1245,6
Vinnie Jones,0.54675,2
Peter MacNicol,0.14,5
Sonam Kapoor,18.4,0
Wesam Keesh,0.0376,8
Grace Victoria Cox,0.2335,4
Hayden Christensen,3.16,1
Claudie Blakley,0.02545,9
Adria Arjona,0.20125,4
Alison Doody,0.098675,6
Ray Stevenson,0.46375,3
Nikki Benz,8.855,0
Kylie Delre,0.004075,9
Brian Gleeson,0.077175,7
Amy Stoch,0.044275,8
Lisa Hartman,0.1545,5
Ian Harding,0.85,2
Ed Quinn,1.5425,1
Daniel Feuerriegel,0.04905,8
Rob Reiner,2.045,1
Bryan Fuller,0.542,2
Steve Oedekerk,0.062125,7
Amber Nash,0.14175,5
Kim Fields,0.2715,4
Daniel DiMaggio,0.019125,9
Eddie Murphy,10.815,0
Raphael Saadiq,0.45725,3
Maude Hirst,0.11725,6
Andy Roddick,1.08525,2
Pamela Sue Martin,0.11575,6
Toni Collette,1.56,1
Emma Stone,29.45,0
Rick Nelson,0.318,3
Geraldine James,0.15025,5
Brett Azar,0.016725,9
Anthony Carrigan,0.05215,8
Sibongile Mlambo,0.065475,7
Kevin Quinn,0.21175,4
Ron Rifkin,0.12575,6
La Roux,0.9985,2
Brooke Hogan,5.0575,0
Aida Turturro,0.08905,7
Jamie-Lee Money,0.01054,9
Bon Iver,3.6025,1
Carmen Ejogo,0.294,3
Paddy Considine,0.2255,4
Richard Harrington,0.16325,5
Maribeth Monroe,0.0538,8
Thomas Lennon,0.2815,4
Emily Bett Rickards,1.9675,1
Lotte Verbeek,0.15175,5
Steven Anthony Lawrence,0.0193,9
Bradley Pierce,0.060675,8
Michelle Burke,0.0893,7
Brianna Brown,0.582,2
Glen Powell,0.42375,3
Tamzin Merchant,0.1315,6
Emma Thompson,6.0525,0
Daniel Henney,0.61675,2
Lynn Collins,1.7625,1
Derek Phillips,0.063125,7
Brooklyn Sudano,0.0582,8
Christopher Larkin,0.11475,6
Jake Zyrus,0.1735,5
Ioan Gruffudd,0.392,3
Qi Shu,0.2645,4
Janeshia Adams-Ginyard,0.02595,9
Jennifer Garner,16.975,0
Illeana Douglas,0.16575,5
Jamey Johnson,0.53375,2
Brett Dier,0.09895,6
Paula Newsome,0.033775,9
Carmen Electra,11.8,0
Wim Wenders,1.465,1
Justin Bartha,0.317,3
Roxanne McKee,0.20575,4
Alexis Georgoulis,0.04495,8
Elena Kampouris,0.070675,7
Amy Madigan,0.2115,4
Elizabeth Perkins,0.81875,2
Dylan Bruce,0.17075,5
Jennifer Saunders,0.46175,3
Tara Kemp,0.0233,9
Abbie Cornish,1.68,1
David Katzenberg,0.04385,8
Fiona Gubelmann,0.120525,6
Emmanuel Lewis,0.081225,7
Jack White,9.0675,0
Jayne Atkinson,0.09145,7
Peta Jensen,19.925,0
Mariette Hartley,0.1185,6
Janet Montgomery,0.30675,3
Dave Thomas,0.9315,2
Jena Malone,1.6575,1
Chris Sarandon,0.263,4
Maggie Elizabeth Jones,0.04675,8
Kristin Dattilo,0.013025,9
Justin Walker,0.17025,5
Claire Coffee,0.283,4
Joey King,8.88,0
Zane Huett,0.03095,9
Pom Klementieff,0.64575,2
Art Malik,0.074275,7
Emmett J Scanlan,0.0453,8
Petra Nemcova,1.2425,1
Ron Livingston,0.44625,3
Shree Crooks,0.102425,6
M Emmet Walsh,0.1395,5
Octavia Spencer,2.825,1
Stephen Moyer,0.75675,2
Gaite Jansen,0.135575,6
Tallulah Haddon,0.027925,9
Sarah Habel,0.0543,8
Aishwarya Rai Bachchan,7.745,0
Stephany Jacobsen,0.076625,7
Crystal Harris,0.47075,3
Emily Hampshire,0.1705,5
Stephen Dillane,0.262,4
Noah Munck,0.099825,6
Freya Tingley,0.054325,8
Michael Rosenbaum,0.37025,3
Jeff Fahey,0.21725,4
Jackie Evancho,0.536,2
Coyote Shivers,0.018925,9
Pedro Almodvar,0.073975,7
Jimmy Bennett,0.15325,5
Charlie Day,1.555,1
Brittany Snow,5.03,0
Barbara Harris,0.264,4
Noah Robbins,0.030775,9
Lucinda Williams,1.1825,1
Fred Savage,0.37025,3
Carla Jimenez,0.0519,8
Jacqueline Fernandez,12.425,0
Shalita Grant,0.10015,6
Nathaniel Parker,0.14625,5
Tom Kenny,0.7075,2
Tim McInnerny,0.078,7
Ingrid Michaelson,0.92625,2
Alicia Vikander,9.41,0
Paul Davis,1.5325,1
Rebecca Miller,0.513,3
Debrah Farentino,0.06085,8
Tadanobu Asano,0.21125,4
Sean Patrick Thomas,0.116,6
Travis Willingham,0.17775,5
Deborah Foreman,0.078725,7
Bree Seanna Wall,0.012525,9
Reginald VelJohnson,0.108125,6
Barclay Hope,0.036925,8
Kelly McGillis,0.54125,2
Zachary Knighton,0.06945,7
Kurt Russell,4.7275,0
Yael Grobglas,0.144,5
Sydney Sweeney,0.2915,4
Aubrey O'Day,2.025,1
Roland Buck III,0.022525,9
Rebecca Mader,0.297,3
Holliday Grainger,0.3455,3
Mehmet Gnsr,0.00204475,9
Bryson Tiller,5.68,0
Erica Cerra,0.1395,5
Barbara Eden,1.1465,2
Nesta Cooper,0.037525,8
Vincenzo Natali,0.09375,7
Carly Craig,0.10405,6
Jack Davenport,0.2495,4
Simon Baker,1.505,1
Steven Weber,0.29775,3
Ellie Goulding,14.4,0
Tmas Lemarquis,0.029675,9
Rupert Holmes,0.17975,5
Michael Showalter,0.20325,4
Sherry Stringfield,0.0994,6
Danielle Panabaker,2.125,1
Owen Teague,0.065025,7
Scott Evans,0.84625,2
Arlene Golonka,0.043425,8
Scott Adkins,1.355,1
Chris Martin,7.0525,0
Robert Fuller,0.274,4
Rob Huebel,0.16075,5
Sarah Drew,0.49575,3
Anna McGahan,0.038725,8
Mariana Trevio,0.000274,9
Slick Rick,0.99375,2
Vicky McClure,0.1011,6
Sanjeev Bhaskar,0.076225,7
JB Smoove,0.359,3
Sally Phillips,0.11775,6
Ellie Kemper,1.75,1
Akshay Kumar,21.65,0
Aaron Lazar,0.052725,8
Eliza Roberts,0.033025,9
Amy Manson,0.201675,4
Paola Turbay,0.0932,7
Will Gluck,0.1675,5
Doug Liman,0.60575,2
Stuart Townsend,0.3065,3
Parminder Nagra,0.21275,4
Michael Douglas,7.565,0
Jake Owen,1.5775,1
Philip Bolden,0.022725,9
Vincent Piazza,0.1325,6
India Menuez,0.042425,8
Crystal Lowe,0.1885,5
Kelly Marie Tran,0.5875,2
Lisa Ann Walter,0.0874,7
Lorraine Gary,0.0774,7
Cheryl Ladd,0.59,2
Sharon Farrell,0.11525,6
Rian Johnson,2.3425,1
Rosanne Cash,0.375,3
Laurence Leboeuf,0.0534,8
Sophia Myles,0.26425,4
Gaspar No,0.02475,9
Gino Vannelli,0.14625,5
Thandie Newton,6.18,0
Marine Vacth,0.25625,4
Doug Stone,0.13825,6
Cameron Britton,0.030675,9
Chrissy Teigen,19.125,0
Wendy Makkena,0.0426,8
Shad Moss,0.196,5
Paula Patton,4,1
Catherine Tate,0.685,2
Dean Cameron,0.0761,7
Jena Sims,0.4675,3
Mamie Gummer,0.1805,5
Orlando Bloom,15.975,0
Melora Hardin,0.2275,4
lafur Darri lafsson,0.000523,9
Jessica Raine,0.1175,6
Jolene Blalock,0.446,3
Franois Arnaud,0.083075,7
Yo-Landi Visser,0.040575,8
Lori Loughlin,0.8575,2
Vanessa Williams,3.445,1
Lil' Flip,0.495,3
Crystal Gayle,0.656,2
Ian McElhinney,0.10625,6
Scout Taylor-Compton,0.211,4
Salma Hayek,21.05,0
Kiki Sukezane,0.035125,8
Oz Perkins,0.026025,9
Julie McNiven,0.0837,7
Morgan Saylor,0.1765,5
George Benson,2.25,1
Alexandra Daddario,10.87,0
Alice Braga,0.921,2
Jay Hernandez,0.35625,3
Mary Wiseman,0.059525,8
Harriet Walter,0.11875,6
Brad James,0.1555,5
Nadya Suleman,0.2305,4
Cynthia Ettinger,0.01775,9
Brooke Butler,0.0921,7
Coco Austin,4.3075,1
Shea Whigham,0.19575,5
Nora-Jane Noone,0.05375,8
Amy Ryan,0.52875,2
Annie Lennox,1.76,1
Jamie Costa,0.12725,6
Jacob Buster,0.021425,9
Edward Asner,0.22475,4
Stephen Walters,0.0938,7
Cole Sprouse,6.01,0
Ray Park,0.3065,3
Daniel MacPherson,0.137775,6
Sasheer Zamata,0.145,5
Manu Intiraymi,0.034425,9
Beatrice Rosen,0.0518,8
Michael Welch,0.30575,3
Margarita Levieva,0.2075,4
Ana de Armas,13.125,0
Jon Bon Jovi,4.135,1
Matthew Morrison,1.01525,2
Celeste Thorson,0.08095,7
Theresa Randle,0.072475,7
Israel Broussard,0.1027,6
Gregory Harrison,0.15825,5
Chris Columbus,0.87925,2
Richard Harmon,0.23675,4
Natacha Karam,0.025025,9
Staci Keanan,0.04685,8
Lenny Kravitz,8.15,0
Hank Azaria,1.33875,1
Charlie Heaton,0.41825,3
Luke Bryan,15.65,0
Leonor Varela,0.2765,4
Steve Wariner,0.19075,5
Amandla Stenberg,2.4675,1
Manish Dayal,0.1325,6
Matt Gerald,0.05595,8
Marsha Ambrosius,0.34775,3
Anne Murray,0.73,2
Lars Mikkelsen,0.08865,7
Khrystyne Haje,0.01965,9
Aitana Snchez-Gijn,0.0521,8
Denise Crosby,0.60175,2
Eddie Rabbitt,0.186,5
Rick Moranis,0.491,3
Clay OBrien,0.003215,9
Diamond Foxx,1.885,1
Victoria Pratt,0.13025,6
Andreas Vollenweider,0.0754,7
Gene Simmons,6.615,0
Aasif Mandvi,0.20325,4
Paloma Kwiatkowski,0.028325,9
Cynthia Addai-Robinson,0.15525,5
Joanna Cassidy,0.24225,4
Robert Powell,0.50275,3
Travis Barker,3.2275,1
Bianca Comparato,0.0359,8
Claire Danes,8.33,0
David Harbour,0.9,2
Jennifer Irwin,0.0657,7
Georgia Engel,0.1149,6
Cheri Oteri,0.12025,6
Rachel Keller,0.25175,4
Louis Ferreira,0.0712,7
Ciara Bravo,0.445,3
Hayden Szeto,0.05475,8
Tom Hopper,0.19175,5
Katherine McNamara,2.5875,1
Will Ferrell,14.15,0
Katee Sackhoff,1.175,2
Ashley Blaine Featherson,0.034375,9
Stephen McFeely,0.1495,5
Brian White,0.626,2
Molly Price,0.0546,8
Holly Taylor,1.27,1
Sean Maguire,0.342,3
Deep Roy,0.0898,7
Olwen Catherine Kelly,0.024575,9
Chad Ochocinco,0.24075,4
Gal Gadot,18.325,0
Dee Clark,0.09495,6
Robert Carlyle,1.305,1
Stephanie Katherine Grant,0.0159,9
Ben Falcone,0.19375,5
Mike Farrell,0.39175,3
James Darren,0.272,4
Yoko Ono,7.0575,0
Gabrielle Miller,0.10415,6
Michael Pea,0.040735,8
BarBara Luna,0.071425,7
Odette Annable,0.61525,2
Antonia Thomas,0.1925,5
Maemae Renfrow,0.0148,9
Ernie Hudson,0.41,3
Pat Benatar,1.345,1
Shawn Pyfrom,0.057775,8
Christine McVie,0.27475,4
Rachael Ray,14.475,0
Zeljko Ivanek,0.1065,6
Ben Whishaw,0.996,2
Hugh Keays-Byrne,0.081375,7
Jackie Cruz,0.768,2
Amy Bailey,0.11725,6
Jesse Rath,0.0551,8
Elarica Johnson,0.023125,9
Chris Carmack,0.28125,4
Kellita Smith,0.13875,5
Camille Chen,0.0902,7
Tina Turner,8.285,0
Pooja Batra,0.30325,3
Dick Van Dyke,3.0175,1
Josh Keaton,0.1445,5
Michael McKean,0.30375,3
Todrick Hall,0.87875,2
Judd Lormand,0.03745,8
Nancy Sinatra,1.97,1
Nia Vardalos,0.286,4
Winona Ryder,9.665,0
Rhys Coiro,0.077975,7
Kristi Somers,0.03225,9
Joel Murray,0.108,6
Kid Cudi,8.805,0
Lewis Pullman,0.02725,9
Elena Anaya,0.8835,2
Cathy Belton,0.0619275,7
Neve McIntosh,0.04405,8
Joanna Pacula,0.094975,6
Paul Williams,3.2575,1
Caroline Williams,0.197,5
Sarah Bolger,0.31225,3
Natalie Alyn Lind,0.229,4
Cloris Leachman,0.649,2
Amy Landecker,0.191,5
Aaron Hall,0.25775,4
Linda Hamilton,2.0975,1
Inga Swenson,0.0259,9
Alexis Bledel,5.3625,0
Matt Craven,0.09825,6
Mike Henry,0.33825,3
Adrian Edmondson,0.093725,7
Greta Lee,0.051625,8
Daniel Stern,0.35675,3
Jonah Bobo,0.05835,8
Viveca Paulin,0.02905,9
George Lazenby,0.2795,4
Steven Tyler,5.91,0
Ethan Suplee,0.17125,5
Timothy Granaderos,0.1075,6
Vanessa Marcil,0.54825,2
Alyson Stoner,1.325,1
Mika Boorem,0.067775,7
Jo Hartley,0.05295,8
M.C. Hammer,2.1275,1
Evangeline Lilly,8.835,0
Katrina Bowden,0.5315,2
Stephanie Sigman,0.17925,5
Jimmy Wayne,0.43725,3
Teagan Croft,0.018625,9
Kyle Allen,0.25975,4
Brian Hallisay,0.0752,7
Anita Brown,0.116,6
Casper Smart,0.374,3
Stefanie Martini,0.046875,8
John Hensley,0.09815,6
Adrianne Palicki,1.8075,1
David Costabile,0.073825,7
Christina Cox,0.188,5
Robert Sheehan,0.549,2
JoBeth Williams,0.262,4
Siobhan Williams,0.0274,9
Keri Hilson,4.7925,0
John Larroquette,0.2295,4
Frances Sholto-Douglas,0.03997,8
Molly Sims,1.104,2
Denis OHare,0.01405,9
Fares Fares,0.18075,5
Martin Sheen,2.26,1
Justin Roiland,0.5195,3
Jensen Ackles,8.59,0
Johnny Tillotson,0.1245,6
Christina Vidal,0.062125,7
Ving Rhames,0.6445,2
Sabina Gadecki,0.08565,7
Benicio Del Toro,5.725,0
Danay Garcia,0.1087,6
Blanca Surez,0.0363,8
Jenna Coleman,3.1075,1
Maury Ginsberg,0.01438,9
Dobie Gray,0.1505,5
Edward Zwick,0.4545,3
Matt Dallas,0.23975,4
Andr Holland,0.00323,9
Oliver Hudson,0.39275,3
Steve Harris,0.91325,2
Alfred Molina,1.3105,1
Melody Thomas Scott,0.1205,6
Christine Lahti,0.17375,5
Amy Forsyth,0.05055,8
Adrian Lester,0.08295,7
Cerina Vincent,0.21125,4
Kevin Bacon,6.26,0
Jeff Daniel Phillips,0.03195,9
Gordon Ramsay,11.3325,0
Ken Berry,0.16775,5
Michael Mosley,0.2785,4
Andrea Martin,0.472,3
Emily Deschanel,1.685,1
KD Aubert,0.1135,6
Hayden Byerly,0.0854,7
Gina Philips,0.0607,8
Aly Michalka,0.8195,2
Julian McMahon,0.3525,3
Devon Werkheiser,0.1018,6
Jenny Wright,0.087375,7
Tanner Buchanan,0.056375,8
Kim Cattrall,2.0475,1
Elizabeth MacRae,0.0138,9
Erik Knudsen,0.17845,5
Sean Faris,0.26975,4
Greg Kinnear,0.7555,2
Alec Baldwin,10.8,0
Yaphet Kotto,0.22325,4
Charlie Barnett,0.15425,5
Jae Head,0.04,8
Jim Gaffigan,2.79,1
Max Beesley,0.0709,7
Sharon Small,0.1225,6
Kenan Thompson,0.42125,3
Kae Alexander,0.02655,9
Pharrell Williams,16.125,0
Douglas Smith,0.84225,2
Gina Bellman,0.12225,6
Johnny Nash,0.184,5
Karima McAdams,0.0164,9
Ignacio Serricchio,0.057425,8
Dana Delany,0.70575,2
Bing Crosby,5.775,0
Dylan Everett,0.07835,7
Jessica Lucas,0.4975,3
Jessica Andrews,0.2215,4
Kevin Anderson,1.2675,1
Callie Thorne,0.0985,6
Eka Darville,0.079325,7
Dul Hill,0.0170125,9
Sonja Morgan,0.27175,4
Jon Cor,0.0361,8
Ralph Tresvant,0.19775,5
Ray Liotta,2.38,1
Brad Pitt,48.825,0
Nicole Eggert,0.62125,2
Miguel ngel Silvestre,0.3335,3
Greyston Holt,0.0642,7
Sasha Mitchell,0.058375,8
Jacqueline Bisset,1.1,2
Al Wilson,0.24825,4
Michelle Keegan,2.19,1
Victoria Hamilton,0.099175,6
Aneurin Barnard,0.18125,5
Robert Pralgo,0.033325,9
Justin Bieber,111.875,0
Maria de Medeiros,0.396,3
Marley Shelton,0.23525,4
Sasha Barrese,0.058575,8
Adrin Lastra,0.00044125,9
Stacy Martin,0.762,2
Ana de la Reguera,0.376,3
Frankie Faison,0.12325,6
Melissa Sue Anderson,2.06175,1
Miranda Raison,0.07645,7
Debra Jo Rupp,0.1615,5
Julie Andrews,6.5075,0
Olivia Munn,17.7175,0
Anders Holm,0.19875,5
Toni Hudson,0.0174,9
Rafaela Mandelli,0.07905,7
Sheila E,1.0725,2
Lili Taylor,0.31925,3
Taylor Kinney,1.6225,1
Erika Flores,0.09875,6
Alex Proyas,0.2115,4
Michelle Nolden,0.059025,8
Anna Deavere Smith,0.16225,5
Jordan Calloway,0.038225,8
Rupert Everett,0.6275,2
Alex Rich,0.1028,6
Ashley Benson,11.75,0
Gael Garca Bernal,0.02969,9
Necar Zadegan,0.07995,7
Dean Stockwell,0.30025,3
Nelly Furtado,3.0595,1
Rhonda Fleming,0.2745,4
Charlotte Ritchie,0.0597,8
Atandwa Kani,0.0159,9
Alex Wolff,0.49125,3
John Stockwell,0.16175,5
Kelly Slater,1.505,1
Diana Scarwid,0.076425,7
Aml Ameen,0.126,6
Kaya Scodelario,13.525,0
Alfre Woodard,0.89075,2
Sarita Choudhury,0.26825,4
Khris Davis,0.288,4
Robert Craighead,0.0194,9
Camila Cabello,31.175,0
Ben Flajnik,0.06975,7
John Billingsley,0.1375,6
Sarah Wright,0.3825,3
George Miller,2.33,1
Monique Gabriela Curnen,0.0523,8
Angie Dickinson,0.78125,2
Daniel Sunjata,0.159,5
Jeananne Goossen,0.0607,8
Herbie Hancock,3.8175,1
Aleisha Allen,0.031225,9
Paul McCartney,32.475,0
Tom McCarthy,0.44125,3
Dreama Walker,0.14175,5
Conway Twitty,0.8635,2
Victor Williams,0.107625,6
Dylan Moran,0.23225,4
Alberto Ammann,0.079775,7
Jennifer Holliday,0.15575,5
Mary Elizabeth Winstead,4.58,0
Andrew McCarthy,0.74975,2
Gareth Evans,0.38325,3
Jake Kasdan,0.20125,4
Rachael MacFarlane,0.0649,7
Noah Gray-Cabey,0.048525,8
Francesca Root-Dodson,0.00674,9
Wes Chatham,0.094525,6
Timothy Olyphant,1.7,1
Jane Lynch,2.0125,1
Carrie Keagan,0.2605,4
Daddy Yankee,30.45,0
Austyn Johnson,0.049375,8
J August Richards,0.10385,6
John Slattery,0.499,3
Clare Calbraith,0.022825,9
Ray Peterson,0.1595,5
Yun-Fat Chow,1.1225,2
Sterling Jerins,0.070475,7
Anna Levine,0.17425,5
Kelli Barrett,0.02825,9
Clyde McPhatter,0.1065,6
Vera Wang,17.225,0
Nicole Sullivan,0.3565,3
Matt Cohen,0.2555,4
Delta Goodrem,1.2425,1
Maury Sterling,0.056725,8
Thomas Barbusca,0.06415,7
Liz Phair,1.1125,2
Gina Lollobrigida,1.3925,1
Juana Acosta,0.1935,5
Mina Sundwall,0.04685,8
Kadeem Hardison,0.131,6
Geneva Carr,0.063875,7
Engelbert Humperdinck,0.8215,2
Tonya Glanz,0.022025,9
Santiago Cabrera,0.2225,4
Renee Olstead,0.47575,3
Grace Jones,4.915,0
Victor Salva,0.078875,7
Joanne Whalley,0.2175,4
Jim Barone,0.01948,9
Joe Pingue,0.05715,8
David Ayer,0.7675,2
Jack Wagner,0.40875,3
Patrick Breen,0.0966,6
Thomas Rhett,4.9125,0
Alice Krige,0.191,5
Stephen Chow,2.2,1
Donald Gibb,0.03915,8
Damon Dayoub,0.0238,9
Sarah Carter,0.632,2
Chelan Simmons,0.108,6
Jordin Sparks,3.9475,1
Todd Bridges,0.1485,5
Lyfe Jennings,0.32975,3
Ludwig Gransson,0.06425,7
Stephanie J Block,0.227,4
Kelly Ripa,6.49,0
Brendan Sexton III,0.06315,7
Rosanna Arquette,0.9295,2
Joe Wright,1.2525,1
Betty Buckley,0.2515,4
Ziv Zaifman,0.1059,6
Adam Hann-Byrd,0.021675,9
Danielle Rose Russell,0.187,5
Loreena McKennitt,4.95775,0
Billy Burke,0.51975,3
Anastasia Griffith,0.051775,8
Neil Patrick Harris,9.715,0
Ken Burns,2.125,1
Adam Baldwin,0.494,3
Edyta Sliwinska,0.04605,8
Claudine Auger,0.14675,5
Quvenzhan Wallis,0.24925,4
Beth Toussaint,0.026325,9
Kat DeLuna,0.53825,2
Duncan Lacroix,0.0853,7
Peter Egan,0.103675,6
Jodie Foster,8.4275,0
Jeremy Miller,0.256,4
Barry Levinson,0.37725,3
Maitland Ward,1.03675,2
Ryan Phillippe,2.32,1
Ruby Jerins,0.02565,9
Chasty Ballesteros,0.18,5
Shari Headley,0.0488,8
Danielle Macdonald,0.06165,7
Gavin OConnor,0.1014,6
Trevor Einhorn,0.02395,9
Sutton Foster,0.99075,2
Vera Cherny,0.0722275,7
Cassandra Peterson,0.4695,3
Mark Margolis,0.12075,6
Elizabeth Berkley,1.3115,1
Patrick Fugit,0.16375,5
Lindsley Register,0.0498,8
Steve Carell,8.405,0
Zach Woods,0.271,4
Dan Mintz,0.063375,7
Devon Graye,0.058375,8
Wendy Braun,0.02055,9
Lauren German,0.53875,2
Liz Torres,0.099,6
Caitriona Balfe,2.0875,1
Jamie Foxx,18.2,0
Brandy Ledford,0.333,3
Frank Dillane,0.1695,5
Rob Brydon,0.2155,4
Lucas Neff,0.0575,8
Taylor Momsen,4.8775,0
Burt Reynolds,4.0675,1
George Howard,0.36275,3
Ike Barinholtz,0.26725,4
Chloe Himmelman,0.00174425,9
Francia Raisa,0.72275,2
Juliet Landau,0.06315,7
Rosabell Laurenti Sellers,0.101325,6
Mackenzie Crook,0.15225,5
Michele Hicks,0.074675,7
Mike Jones,2.6625,1
Kelly Clarkson,16.425,0
Karine Vanasse,0.14475,5
Cheryl Hines,0.4385,3
Hannah Simone,0.52725,2
Sam Sorbo,0.037275,8
Philip Winchester,0.21525,4
Emily Haine,0.020875,9
Christian Cooke,0.118,6
Gary Valentine,0.087025,7
Sarah Lind,0.14105,5
Alexa PenaVega,0.2355,4
Amy Jackson,7.5575,0
Jeremy Davidson,0.055475,8
Marques Houston,0.71075,2
Sorin Brouwers,0.023725,9
Chuck Lorre,0.40175,3
David Hasselhoff,2.805,1
Angelina Pivarnick,0.109625,6
Chris Colfer,1.595,1
John Cafferty,0.08045,7
Carson Meyer,0.026675,9
Susannah Harker,0.0466,8
Nolan Gerard Funk,0.2045,4
Connor Paolo,0.13425,6
Matt McGorry,0.40075,3
Michelle Johnson,0.9395,2
Freddie Stroma,0.195,5
Khloe Kardashian,36.35,0
Melina Kanakaredes,0.24575,4
Rena Owen,0.0666,7
Creed Bratton,0.492,3
Kiefer Sutherland,2.8875,1
Simbi Kali,0.011875,9
Elyes Gabel,0.13825,6
Alessia Cara,6.785,0
Justin Cooper,0.184,5
Liz Vassey,0.051825,8
Adam Brody,1.13,2
Florence Pugh,0.12375,6
Sophie Turner,9.975,0
Gianni Decenzo,0.012825,9
Helen McCrory,0.28475,4
Alter Bridge,0.88875,2
MyAnna Buring,0.14725,5
Genevieve Angelson,0.069075,7
Johnny Rivers,0.3285,3
Lauren Socha,0.05055,8
Big Mike,1.595,1
James Mitchum,0.05005,8
Brian McNamara,0.08375,7
Jonathan Bennett,0.25625,4
Cole Swindell,1.1375,2
Renoly Santiago,0.0158,9
Eric Szmanda,0.11825,6
Meredith Brooks,0.1475,5
Sean Kingston,2.1475,1
Heidi Klum,24.55,0
Jack Huston,0.33875,3
Siobhan Fallon Hogan,0.180125,5
Simon Kinberg,0.288,4
Ryan Guzman,0.775,2
Tinto Brass,3.735,1
Sheena Easton,0.42075,3
Arjun Gupta,0.11675,6
Nicola Posener,0.0501,8
Terry Notary,0.092475,7
Shah Rukh Khan,15.4,0
James Dreyfus,0.021075,9
Estelle Harris,0.0697,7
Laurence Fishburne,3.635,1
John Doman,0.13425,6
Reilly Dolman,0.02505,9
Charles Michael Davis,0.31075,3
Lala Kent,0.21675,4
Erica Carroll,0.04015,8
Neil Flynn,0.19325,5
Peter Dinklage,4.5175,0
Gabriel Byrne,0.8145,2
Wendy Crewson,0.15925,5
Jay Leno,9.3475,0
Sarah Hagan,0.041375,8
Fred Dekker,0.084925,7
Bebe Cave,0.01425,9
Carson Daly,1.3475,1
Jacob Elordi,0.66675,2
Sergei Polunin,0.247,4
Phoebe Waller-Bridge,0.34475,3
Lucas Bryant,0.10175,6
Alex Dsert,0.033875,9
Natasha Bedingfield,1.07725,2
Jo Morrow,0.04235,8
Danny DeVito,4.455,0
Jane Wiedlin,0.0976,6
Gavin DeGraw,1.675,1
Patrick Monahan,0.14,5
Victoria Jackson,0.245,4
Jim Beaver,0.35475,3
Nicholas Rowe,0.083275,7
Ryan Pinkston,0.050425,8
Thomas Beaudoin,0.10425,6
Danielle Staub,0.24725,4
Noel Clarke,0.19575,5
Eric Nenninger,0.021375,9
David Keith,0.91025,2
Bonnie Hunt,0.49175,3
Carol Burnett,3.0125,1
Cristiano Ronaldo,113.025,0
Domenick Lombardozzi,0.07315,7
Melia Kreiling,0.04395,8
Matt Ross,0.24375,4
Kris Holden-Ried,0.107,6
Brett Ratner,0.92725,2
Jerry Wallace,0.0828,7
Rachel Nichols,1.865,1
Amy Wren,0.033825,9
Brad Paisley,6.2875,0
Joe Dante,0.36975,3
Kylie Bunbury,0.14625,5
Rose Leslie,4.1975,1
Rebeccah Bush,0.0533,8
Martin Cummins,0.0711,7
Manfred Mann,0.5265,2
Christian Bale,14.375,0
Deon Richmond,0.028375,9
Freddy Fender,0.20475,4
Thomas Ian Nicholas,0.1505,5
Clarence Williams III,0.1105,6
Ashley Bell,0.378,3
Rhyon Nicole Brown,0.0148,9
Barry Keoghan,0.18025,5
Helen Reddy,0.2855,4
Jimmy Page,5.935,0
Matthew Willig,0.035175,8
Lily-Rose Depp,2.125,1
Colin ODonoghue,0.4235,3
Camren Bicondova,0.77225,2
Paterson Joseph,0.064025,7
Randee Heller,0.10095,6
Vince Vaughn,4.765,0
Rade Serbedzija,0.19675,5
Amy Hargreaves,0.10335,6
Tina Cole,0.0429,8
Cuba Gooding Jr,1.8675,1
Kenny Johnson,0.31575,3
Oona Laurence,0.0882,7
Donnie McClurkin,0.6215,2
Wade Williams,0.204,4
Yuri Kolokolnikov,0.016725,9
Michael Grant,0.65575,2
NeNe Leakes,2.14,1
Jonah Hauer-King,0.0260625,9
Wendy Schaal,0.077925,7
Chrishell Hartley,0.211,4
Cynthia Nixon,4.6825,0
Kevin Heffernan,0.1039,6
Tamron Hall,0.37725,3
Demetrius Grosse,0.04025,8
Anne Dudek,0.13875,5
Amanda Leighton,0.06225,7
Connie Nielsen,0.7955,2
Rachelle Lefevre,0.37175,3
Anna Van Hooft,0.0405,8
Rahul Kohli,0.13875,5
Tom Green,2.0175,1
Jennifer Love Hewitt,9.5875,0
Peter Macon,0.0239,9
Lana Wood,0.2285,4
Ethan Phillips,0.12925,6
