 Casey Siemaszko,6292,0.0593
 Andy Nyman,16625,0.0888
 Stuart Wilson,8246,0.272
 Graham Wardle,5225,0.091
 Nicholas Rowe,5202,0.0831
 Tab Hunter,9232,0.361
 Robert Eggers,8445,0.112
 Sean Teale,5597,0.0902
 Michael Stahl-David,8694,0.0796
 James Floyd,18532,0.266
 Nell Tiger Free,5500,0.0658
 Gina Bellman,5363,0.122
 Anabelle Acosta,5765,0.0457
 Kenny Wormald,5673,0.169
 David Benioff,6315,0.556
 Andrea Martin,1775,0.459
 Gemma Ward,8049,1.17
 Billy Wirth,12267,0.0633
 Claudie Blakley,8482,0.0259
 Rohan Chand,14344,0.0787
 Gregory Harrison,8375,0.161
 Emilia McCarthy,13988,0.0324
 Julie Brown,8114,0.723
 Kevin Conroy,5892,0.605
 David Yates,5065,0.827
 Fran Kranz,7036,0.136
 Cyndi Lauper,8757,7.9
 Clu Gulager,7594,0.131
 Nuri Bilge Ceylan,12017,0.252
 Chrishell Hartley,9422,0.215
 Engin Altan Dzyatan,10814,0.0362
 Frederic Forrest,8466,0.135
 Nell Hudson,7119,0.064
 Todd Louiso,14165,0.0434
 Liv Ullmann,8668,0.275
 Mdlina Ghenea,4488,0.188
 Ella Anderson,5791,0.144
 Morgan Woodward,12127,0.0497
 Marc Singer,6902,0.143
 Richard Eyer,8631,0.0305
 Emma Samms,7817,0.125
 Jessica St Clair,5564,0.0956
 Katherine Boecher,9415,0.0338
 Jay Mohr,5642,0.338
 Jay Karnes,10412,0.0392
 Atticus Mitchell,11890,0.0404
 Mehcad Brooks,5357,0.247
 Amanda Warren,12726,0.0855
 Anna Van Hooft,7902,0.0403
 Byron Langley,166827,0.0864
 Ken Jenkins,9183,0.104
 Sheila Kelley,7006,0.0927
 David Lowery,7770,0.222
 Marcus Scribner,6159,0.107
 Stephen Bishop,11427,0.292
 Bailey De Young,8138,0.0328
 Jill Marie Jones,10091,0.129
 Dan Jeannotte,4084,0.0249
 Simon Cowell,9113,9.52
 Diamond White,9485,7.3
 Alistair Petrie,6251,0.0489
 Gore Verbinski,5435,0.353
 David Letterman,12193,8.39
 Rick Yune,1759,0.123
 Peter Macon,16984,0.0249
 Eileen Davidson,7113,0.257
 Julie Kavner,7268,0.252
 Lauren London,7210,1.1
 Neve McIntosh,7423,0.047
 Vivien Cardone,12077,0.0186
 Christina Marie Moses,4866,0.0154
 Robert Richardson,7842,0.369
 Pawel Szajda,9969,0.014
 Malik Yoba,4552,0.119
 Jade Pettyjohn,8203,0.177
 Dawn French,8568,0.463
 Celia Weston,6362,0.108
 Eric Schweig,6602,0.0778
 Charlie DePew,1820,0.0414
 Daniel Feuerriegel,7523,0.0502
 James Murray,10750,0.883
 Padma Lakshmi,8745,2.93
 Amir Arison,7994,0.0771
 Felicia Pearson,7779,0.0313
 DJ Cotrona,5313,0.0948
 Barbara Alyn Woods,6972,0.149
 Russell Peters,15764,0.721
 Kathy Griffin,7753,8.82
 Michael Moore,6175,6.62
 Michael Socha,5345,0.0844
 Blake Clark,10118,0.101
 William Atherton,5621,0.164
 Dan Schneider,7880,0.499
 Brian Bonsall,1734,0.0464
 Karen Sharpe,682046,0.0365
 Andy Dick,5470,0.391
 Anjali Jay,12537,0.0529
 Jon Huertas,7247,0.149
 Rhonda Fleming,8135,0.266
 Yuri Kolokolnikov,19071,0.0184
 Monique Gabriela Curnen,4892,0.0527
 Marie Mouroum,352137,0.0194
 George Lazenby,5174,0.263
 Ryan Pinkston,10956,0.0537
 James Patrick Stuart,7381,0.147
 Bianca Brigitte VanDamme,11756,0.0418
 Deborah Foreman,2957,0.0796
 Esther Acebo,36564,0.0252
 Jackie Debatin,8089,0.014
 Steven Tyler,10563,4.99
 Emily Montague,11858,0.0276
 Charles Martin Smith,9509,0.145
 Kathleen Kinmont,8147,0.107
 Oleg Taktarov,9922,0.0614
 Mia Malkova,10123,34.5
 Ajay Devgn,8314,5.47
 Stephen Plunkett,81324,0.012
 Keenen Ivory Wayans,8318,0.181
 Jonathan Scarfe,6303,0.0616
 Brandon T Jackson,4819,0.211
 Neil Grayston,19878,1.15
 Rhys Wakefield,9587,0.0858
 Gideon Emery,7326,0.0923
 Big Daddy Kane,37883,0.92
 Steven Anthony Lawrence,5503,0.0198
 Mercedes McNab,6623,0.0905
 Hayden Szeto,5966,0.0569
 Paul McGann,5402,0.276
 Chandrika Ravi,110985,0.078
 John Magaro,6260,0.0722
 Tanit Phoenix Copley,4666,0.0399
 Georgia Hardstark,13132,0.0999
 Valeria Cotto,91704,0.0197
 Winnie Harlow,293813,2.66
 Stephanie Zimbalist,7010,0.0968
 Marine Vacth,9244,0.263
 Dennis Christopher,4228,0.145
 Elton John,9600,32.6
 Bobby Moynihan,5154,0.252
 Patrick Duffy,7104,0.419
 Samantha Robinson,3959,0.122
 Sally Bretton,8738,0.0192
 Stacy Haiduk,4647,0.104
 Joe Flanigan,8289,0.154
 Samuel Roukin,8396,0.0278
 Craig McLachlan,4229,0.0764
 Essence Atkins,10076,0.149
 Matthew Labyorteaux,9413,0.0385
 Erik Knudsen,7781,0.108
 Brittney Powell,9301,0.042
 Jamie Rose,12500,0.173
 Maxim Roy,9596,0.0833
 Jonathan Whitesell,5922,0.029
 Rick Cosnett,6837,0.123
 Nina Siemaszko,4672,0.0655
 Courtland Mead,8333,0.0183
 Vernica Echegui,1975,0.0388
 Kimmy Robertson,2792,0.0545
 Graham Patrick Martin,9003,0.0668
 Maury Ginsberg,25168,0.00763
 Michael Learned,9372,0.097
 Nick Searcy,10081,0.115
 Jazmyn Simon,11581,0.0592
 Alexandra Turshen,4992,0.0284
 Tzi Ma,9883,0.0783
 James Duval,4578,0.13
 Casey Deidrick,14700,0.0408
 Nick Moran,2527,0.13
 Lambert Wilson,5714,0.242
 Tony Bill,15558,0.0798
 Jessica Chaffin,8558,0.0457
 Eric Close,8809,0.116
 Jordan Rodrigues,11013,0.0705
 Shaun Johnston,6783,0.0699
 Conan OBrien,7332,0.254
 Shirley Rumierk,23240,0.0126
 Rene Taylor,5598,0.0293
 Clare Kramer,7634,0.098
 Johnny Whitaker,8461,0.0617
 Isabelle Allen,11286,0.0483
 Lauren Socha,6002,0.0532
 Mike OMalley,3881,0.0127
 Romain Duris,5689,0.264
 Jon Rudnitsky,13333,0.0281
 Lee Garlington,7131,0.0697
 Drew Powell,6770,0.112
 Haley Pullos,3587,0.069
 Ken Loach,6535,0.559
 Dylan Neal,6994,0.0835
 Shawn Wayans,8383,0.189
 Erik Stolhanske,13680,0.058
 Brady Smith,5508,0.143
 Jack Farthing,11064,0.0434
 Veronica Hamel,9384,0.0954
 Tinto Brass,6991,2.75
 Makenzie Leigh,4911,0.0444
 Becca Tobin,9191,0.247
 Daniela Vega,117344,0.278
 Irene Bedard,6048,0.0952
 Madelyn Deutch,6804,0.0925
 Jim Parrack,5061,0.108
 Bailey Noble,10165,0.0646
 Jayden Rey,950373,0.0137
 Jessica Matten,4958,0.0147
 Franck Gastambide,22527,0.08
 Ed Stoppard,6199,0.0619
 Matt Letscher,4071,0.0787
 Michael Buscemi,13056,0.0223
 John James,9288,5.46
 Maemae Renfrow,8031,0.015
 Lee Grant,3110,0.567
 Michael Winslow,6345,0.203
 Gary Stevens,21180,0.238
 Scott Colomby,12484,0.0138
 Meg Steedle,7890,0.011
 Christa Campbell,8818,0.161
 Wesam Keesh,22523,0.0173
 Alyssa Lynch,6969,0.0489
 Ricki Lake,5572,0.896
 Leigh Taylor-Young,7168,0.0845
 Jacob Artist,9375,0.129
 Debra Paget,7305,0.245
 Aura Garrido,16606,8.00E-06
 Min-sik Choi,6586,0.0887
 Matias Varela,13003,0.0346
 Paul Haggis,6404,0.391
 Gina Ravera,13694,0.0435
 Ted Raimi,7505,0.13
 DeWanda Wise,2979,0.0656
 Brooke Butler,7491,0.0884
 Alex D Linz,7060,0.079
 Kate Moss,6259,18.4
 Daniel Bernhardt,7188,0.0733
 Janet Jackson,8343,21.1
 Sean Maher,6592,0.165
 Yuri Lowenthal,10101,0.196
 Ronny Cox,7412,0.178
 Linden Ashby,7228,0.257
 Don Stroud,9313,0.0912
 Leigh-Allyn Baker,7855,0.131
 Holly J Barrett,3512,0.0167
 Zack Ward,5614,0.0986
 Joanne Tucker,9266,0.0378
 Craig Horner,5957,0.134
 Max Elliott Slade,3204,0.0232
 Jena Sims,9993,0.569
 Meghann Fahy,7348,0.0896
 William Russ,10679,0.0982
 Laci J Mailey,6165,0.024
 Tamannaah Bhatia,687,1.58
 Gillian Alexy,2904,0.0707
 Amy Wren,1482,0.0361
 Marcus Vanco,16817,0.0292
 Takashi Miike,7835,0.463
 Lara Jean Chorostecki,5321,0.0398
 Rudy Youngblood,6748,0.0773
 Matt OLeary,7100,0.0217
 Ruth Jones,10259,0.339
 Stephanie Beacham,9158,0.122
 Zena Grey,13828,0.0296
 Augustine Frizzell,22952,0.0173
 Nicholas Turturro,6983,0.083
 Harriet Sansom Harris,10572,0.0261
 Jahi DiAllo Winston,24386,0.0183
 Alana Curry,23850,0.0548
 Sharon Gless,6931,0.167
 Anjali Bhimani,13152,0.029
 Diahann Carroll,6731,0.438
 Bryce Hodgson,11198,0.0201
 DJ Khaled,12075,13.8
 Amber Benson,6963,0.208
 Juana Acosta,15700,0.192
 Amy Gumenick,6070,0.0461
 Jess Harnell,5030,0.148
 Ian McElhinney,7026,0.107
 Michelle Harrison,5617,0.179
 Camila Alves,4575,1.1
 Lynda Boyd,10736,0.0585
 William Shockley,8704,0.162
 Matt Long,9419,0.215
 Ivan Kaye,10668,0.0356
 Chris Payne Gilbert,7940,0.0131
 Will Tudor,7574,0.0894
 Marisha Ray,6235,0.11
 Rebecca McFarland,9900,0.0255
 Terayle Hill,63852,0.0723
 Edi Patterson,14728,0.0192
 Caroline Quentin,19604,0.0532
 Efren Ramirez,8219,0.0933
 Jane Horrocks,5823,0.136
 Hannah Spearritt,7009,0.158
 Roger Perry,9944,0.08
 Nushrat Bharucha,26048,1.57
 Philip Michael Thomas,8443,0.114
 Diogo Morgado,8733,0.14
 Larry Miller,8949,1.01
 Frank Bonner,19158,0.0296
 Jo Hartley,8381,0.0518
 Cade Woodward,32934,0.0178
 Teairra Mari,26971,1.73
 Bree Seanna Wall,7233,0.0125
 Betta St John,46940,0.0283
 John Brotherton,6532,0.0558
 Elarica Johnson,8129,0.0235
 Alison Elliott,10930,0.0498
 Paola Turbay,2423,0.0906
 Michael Irby,11690,0.0599
 Sophie Lowe,6939,0.134
 Richard Benjamin,8348,0.31
 Brian Ames,55663,0.0233
 Christian Keyes,11643,0.136
 Heather Donahue,10491,0.0554
 Ludi Lin,1081049,2.59
 Maddie Corman,9006,0.0415
 Justin Grant Wade,24834,0.055
 Louise Brealey,6406,0.473
 Natasha Negovanlis,11894,0.132
 Camila Cabello,12555,30.9
 Holly Earl,6843,0.0647
 Juan Pablo Di Pace,6056,0.0588
 Amber Lynn,7073,10.1
 Seth Gilliam,7321,0.195
 Kaiwi Lyman,19554,0.0339
 Eden Epstein,63614,0.0203
 Peter Koch,9834,0.0724
 Pico Alexander,6268,0.0578
 Corinne Clry,10514,0.000423
 Hannah Ware,4350,0.141
 Donald Gibb,6648,0.0383
 Louie Anderson,5704,0.273
 Wayne Newton,7392,2.03
 Kathy Garver,10106,0.0492
 Maximilian Osinski,7759,0.0305
 Clare Calbraith,2673,0.0226
 Matthew Del Negro,6922,0.0508
 Kasia Smutniak,6610,0.188
 Chris Martin,12087,7.24
 Gus Halper,29556,0.0146
 Dan Gregor,16830,0.0234
 Emma Tremblay,13997,0.0273
 Shirley Knight,7420,0.156
 David Threlfall,8598,0.0714
 Becky ODonohue,12478,0.00848
 Robert Rusler,10452,0.0548
 Catherine Schell,11713,0.0524
 China Chow,12405,0.204
 Nate Corddry,6026,0.0447
 Danielle Brooks,3997,0.514
 Justin Henry,4955,0.156
 Jeremy Clarkson,6078,3.27
 Ashley Laurence,10811,0.0914
 Amber Scott,2697,0.128
 Juliet Aubrey,6038,0.066
 Jeremy Miller,14042,0.241
 Camila Sodi,13533,0.348
 Alex Frnka,8193,0.0181
 Jake Lippmann,108010,0.000576
 Presilah Nunez,19402,0.00813
 Julie Engelbrecht,5260,0.0737
 Tim Bagley,8140,0.0453
 Ed Weeks,10539,0.0659
 Yoko Ono,18880,7.33
 Brandon Victor Dixon,107762,0.117
 Kurt Fuller,8029,0.115
 Carrie Ann Inaba,6971,0.276
 Michelle Krusiec,7596,0.0518
 Chad Allen,9238,0.501
 Ami Dolenz,14167,0.0584
 Angela Griffin,18235,0.0819
 Naomi Battrick,1035,0.0302
 Adeel Akhtar,9962,0.751
 James Urbaniak,9481,0.0807
 Kathy Kinney,10650,0.0582
 Mallory James Mahoney,22486,0.0125
 Gabriel Bateman,8405,0.0774
 Jill Ritchie,12716,0.0326
 Jed Rees,9696,0.0346
 Asher Angel,6981,0.172
 Rebecca Creskoff,7307,0.124
 Yvonne Furneaux,8216,0.0459
 Deborah Rayne,53344,0.00738
 Mel Harris,10348,0.0858
 Bruce Glover,5374,0.037
 Steven Pasquale,5408,0.119
 Liv Lisa Fries,77642,0.0363
 Max Baer Jr,9029,0.0545
 India Mullen,28455,0.0709
 Marisa Berenson,9277,0.263
 Laura Aikman,8940,0.0313
 Connor Trinneer,7025,0.0853
 David Jason,8643,0.403
 Caroline Blakiston,7837,0.179
 Steven Williams,5490,0.492
 Vondie Curtis-Hall,8254,0.324
 Ian McNeice,9490,0.0805
 Deborah Harmon,18925,0.0278
 Sal Governale,31327,0.0246
 Monique Coleman,14413,0.27
 Liz Katz,13220,0.141
 Jeff Nichols,6319,0.263
 Sierra Wooldridge,38889,0.0171
 Genevieve Buechner,8505,0.0346
 Matt Shively,8313,0.0603
 Nesta Cooper,7427,0.0407
 Brandon Mychal Smith,8253,0.0627
 Christie Laing,10303,0.0504
 Joanna Christie,13359,0.0327
 Jud Tylor,5760,0.0321
 Patricia Maya Schneider,11022,0.00641
 Natalie Mendoza,7289,0.0603
 Edward Zwick,6973,0.29
 Melody Anderson,12977,0.109
 Kim Myers,13469,0.245
 Jillie Mack,8141,0.0187
 Richard Sanders,17496,0.159
 James Godfrey,93792,0.0547
 Lorelei Linklater,1887,0.0536
 Victoria Tennant,9123,0.0659
 Robert Pralgo,25852,0.0336
 Linda Thorson,16622,0.0842
 Frankie Avalon,8454,0.554
 Sean Berdy,6234,0.104
 Alan Van Sprang,7187,0.0856
 Lyndie Greenwood,7190,0.0728
 Mary Kate Schellhardt,8125,0.0268
 Robert LaSardo,6595,0.0825
 Beck Bennett,5616,0.165
 Roger Corman,6240,1.63
 Gia Carides,5700,0.0499
 Kevin Tighe,7449,0.358
 Ginger Lynn,7618,5.72
 Jason Brooks,8470,0.269
 Chad Donella,10654,0.0243
 Conan Stevens,3817,0.0377
 Mariana Trevio,32229,0.000196
 Zelda Williams,9591,0.165
 Carolina Guerra,14027,0.13
 Anna Wintour,14047,5.81
 Vicki Pepperdine,27243,0.0187
 Joey Diaz,8019,0.247
 John Franklin,7240,1.35
 Travis Schuldt,7926,0.0389
 Jackson Brundage,4467,0.0602
 Pernilla August,9179,0.112
 Anthony Zerbe,7166,0.0987
 Sonya Balmores,1094,0.0464
 Jennifer Sky,10366,0.0964
 Cristina Valenzuela,14243,0.0768
 Rose Williams,5208,0.26
 Amelia Heinle,11282,0.0982
 Jean Marsh,9137,0.119
 Mark Ivanir,13227,0.0582
 Quincy Jones,3323,4.32
 James Phelps,8838,0.317
 Ashley Graham,6212,12.7
 Jake Epstein,10042,0.0676
 Martin Shaw,7022,0.197
 Tig Notaro,10603,1.14
 Caleb McLaughlin,6040,0.634
 Judy Geeson,8639,0.112
 Robert Morse,6862,0.268
 Doug Mand,116270,0.0125
 Taylor John Smith,14230,0.0636
 Kristin Minter,7560,0.0555
 Murray Fraser,68152,0.0381
 Philip Zhao,54267,0.028
 Vanessa Grasse,44755,0.0325
 Jerrod Carmichael,9601,0.136
 Judith Shekoni,9428,0.0288
 Hanna Mangan Lawrence,6400,0.17
 Nathan Lee Graham,17205,0.0274
 Javicia Leslie,32604,0.0131
 Chandra West,6374,0.0854
 Shaun Parkes,12639,0.0331
 Brandon Quintin Adams,7013,0.0214
 Charlie Creed-Miles,8067,0.0428
 Howie Mandel,9332,1.34
 Henry Silva,8083,0.203
 Richard Erdman,12187,0.0487
 Victoria Jackson,5513,0.244
 Brett Butler,5255,0.152
 Rebecca Wisocky,11884,0.0374
 Michelle Phillips,6014,0.368
 Alex Proyas,8102,0.206
 Lori Alan,13145,0.0673
 Rob Archer,14251,0.0541
 Patrick Kilpatrick,6984,0.0779
 Haviland Morris,3899,0.0438
 Paul Scheer,5660,0.23
 Nathan West,6888,0.103
 Matt Roth,14573,0.0572
 Adolfo Quinones,10192,0.0163
 Reed Diamond,4344,0.111
 Joanna Pacula,6451,0.103
 Joel Grey,6835,0.286
 Jeremy Bobb,24218,0.05
 Connie Sellecca,7688,0.0868
 Teddy Sears,5091,0.175
 Jason Wiles,9730,0.0571
 Alexis Fawx,31868,20.3
 Leisha Hailey,7573,0.155
 Judah Lewis,13479,0.0439
 Brynn Thayer,11912,0.0268
 Antonio Sabato Jr,2672,0.301
 Eric Edelstein,9410,0.0588
 Elizabeth MacRae,18266,0.0133
 Chynna Phillips,8515,0.063
 Chris Brown,8781,48.9
 Nancy Kovack,6844,0.0604
 Stephanie Schildknecht,47486,0.0374
 Melanie Chandra,8816,0.0722
 Steve Burns,7224,0.207
 David Sandberg,11794,0.0769
 Greer Grammer,2880,0.169
 Joe Penna,25792,0.103
 Roseanne Supernault,3782,0.0177
 Charles Malik Whitfield,10638,0.0389
 David Mamet,6568,0.786
 Nicole Gale Anderson,6846,0.0979
 Will Gluck,14521,0.164
 Hans Matheson,8211,0.094
 Gabriel Damon,7115,0.0366
 Tory Kittles,11200,0.0673
 Robert Schwartzman,5059,0.0483
 Brady Corbet,7465,0.124
 Rudy Giuliani,58231,8.78
 Vitamin C,5189,70
 Rachele Brooke Smith,4097,0.0926
 Hana Hayes,10470,0.0524
 Robyn Malcolm,11157,0.0267
 Anthony Lemke,7736,0.0774
 Carson Meyer,39941,0.0263
 Brennan Elliott,4586,0.0691
 Imani Hakim,7331,0.0516
 Peter Egan,14780,0.102
 Nancy Valen,12691,0.0218
 Adrin Lastra,22569,0.00021
 Karen Hassan,14386,0.0607
 Rawson Marshall Thurber,12535,0.101
 DJ Blickenstaff,10879,0.00448
 Fred Tatasciore,8474,0.207
 Joanna Gleason,8496,0.0774
 Katrina Durden,11303,0.0356
 Elise Bauman,8969,0.114
 Todrick Hall,21578,0.797
 Reid Scott,3409,0.242
 Jonathan Bailey,5348,0.117
 Brian Gleeson,9177,0.07
 Jackson Hurst,8544,0.0462
 Rani Mukerji,8727,3.03
 Wallis Currie-Wood,8275,0.0195
 Branka Katic,10105,0.0228
 Glenn Jacobs,12594,0.0938
 Min-ho Lee,11464,0.313
 Ramin Bahrani,16993,0.0906
 Mekenna Melvin,12356,0.0199
 Michelle Nolden,7841,0.059
 Olwen Catherine Kelly,1880,0.0247
 Ellie Reed,2220,0.0165
 Amber Rose,3950,19.5
 Denis Lawson,7636,0.0874
 Bridget Everett,15781,0.135
 Marc Menchaca,24912,0.0171
 Grace Johnston,12466,0.034
 Vella Lovell,9625,0.0333
 James Russo,8005,0.188
 Luke Bilyk,4804,0.0834
 Julie Mond,21581,0.0224
 Nomie Schmidt,4883,0.000102
 Isabella Amara,14941,0.0284
 Faith Ford,7630,0.125
 Katie Stuart,9397,0.0845
 Giancarlo Giannini,9070,0.283
 Jennifer Hale,7463,0.194
 Stuart Whitman,9104,0.187
 Ali Hillis,8972,0.0644
 Hart Bochner,5832,0.0867
 Ellie Kendrick,3860,0.0753
 Toby Nichols,16678,0.012
 Ida Nielsen,9094,0.0477
 Linda Gray,9886,0.35
 Andrew Bachelor,11376,0.0806
 Krista Bridges,13444,0.0343
 Barbara Feldon,8664,0.137
 Ron Leibman,9527,0.0582
 Tessa Peake-Jones,5133,0.0442
 Mark Metcalf,9959,0.066
 Kate Nash,45718,0.529
 Bryshere Y Gray,6860,0.117
 Matthew Knight,6853,0.225
 Wade Williams,3936,0.204
 Travis Tedford,8096,0.0238
 Cassie Steele,6266,0.206
 Megan Gale,4767,0.25
 Nea Dune,2397,0.0254
 Christian Clavier,9323,0.129
 Mike Flanagan,7012,0.287
 Lawrence Gilliard Jr,7992,0.0785
 Sebastian Arcelus,3243,0.0536
 Christopher Shyer,26766,0.0198
 Mary Louise Wilson,43370,0.0456
 Stephen Henderson,8391,0.143
 Lexi Atkins,9554,0.11
 Zawe Ashton,4970,0.231
 Emma Myles,4979,0.0416
 Rajkummar Rao,19297,1.59
 Danielle Macdonald,16316,0.0592
 Chris Kattan,7260,0.203
 Megan Dodds,5721,0.0371
 Kae Alexander,7782,0.0271
 Liz Torres,7020,0.0936
 Maria Tornberg,18415,0.0358
 Kyle Gass,13539,0.148
 Nishi Munshi,12342,0.0439
 Matthew Shear,29708,0.02
 Annie Ilonzeh,8342,0.107
 Michael Bailey Smith,11781,0.0492
 Ruby Lewis,48588,0.0544
 Joanna Kerns,8854,0.0947
 Jonathan Majors,38118,0.0134
 Dwyane Wade,29631,8.58
 Tyler Jacob Moore,8878,0.0224
 Julia Sarah Stone,10397,0.0484
 James Mackay,11361,0.182
 Alice Lowe,8870,0.0826
 Aaron Pierre,57929,0.0298
 Mary Jo Deschanel,3973,0.0332
 Betsy Sodaro,13436,0.0237
 Josh Cooke,8261,0.0459
 Dominic Fumusa,7080,0.0494
 Barrett Foa,11592,0.108
 Morgan Brittany,8658,0.119
 Wunmi Mosaku,9414,0.0427
 Phyllida Law,8058,0.061
 Amy Ferguson,14679,0.0839
 Daniel Mays,3516,0.106
 David Paul Olsen,7464,0.0132
 Phil Collins,8365,9.82
 Tucker Albrizzi,12757,0.0305
 Steve Byers,7950,0.0711
 Daniela Bianchi,6185,0.097
 Kate Beahan,12309,0.0537
 Bernardo Bertolucci,9460,0.593
 Sarah-Sofie Boussnina,10909,0.029
 Justine Waddell,9431,0.116
 Andrea Demetriades,5843,0.0144
 Tracy Middendorf,8500,0.0441
 Barbara Steele,11716,0.172
 Emmett Skilton,15605,0.138
 Amy Rutberg,3948,0.0141
 Jon Cor,10078,0.037
 Simon Farnaby,5249,0.0513
 Kelly Adams,7398,0.185
 Skye Bennett,29073,0.0203
 Amy Bailey,5055,0.134
 Jonathan Slavin,11178,0.0342
 Greg Ellis,8510,0.113
 Ed Sheeran,4963,53.3
 Karen Grassle,6364,0.099
 Sebastian Koch,7396,0.189
 Larry Wilcox,8460,0.129
 Rob Paulsen,8368,0.288
 Justine Wachsberger,12403,0.023
 Bo Martyn,33581,0.0335
 John Kapelos,7275,0.0547
 Natalie Hall,4272,0.147
 Marama Corlett,7905,0.0305
 Andrew Stevens,7628,0.314
 Ingeborga Dapkunaite,14484,0.0343
 Susan Sullivan,8247,0.3
 Cindy Chu,63627,0.02
 Leilani Sarelle,9921,0.037
 Rick Segall,24277,0.00529
 Heather Pasternak,88259,0.0221
 Jane Curtin,10180,0.181
 Spencer Boldman,7319,0.179
 Nicola Correia-Damude,22335,0.0231
 James Deen,7791,14.8
 Dendrie Taylor,9717,0.0311
 Buck Taylor,8160,0.098
 Shad Moss,4509,0.197
 Jack Moore,16275,0.451
 Taylor Handley,7767,0.058
 Kate Mansi,11849,0.0714
 Robin Strasser,9899,0.0348
 Jared Hess,6951,0.101
 Liza Koshy,5453,2.29
 Mike The Miz Mizanin,6712,0.0747
 Morgan Kelly,21462,0.143
 Jackie Tohn,12268,0.0402
 Valerie Cruz,7151,0.0687
 Cayden Boyd,9865,0.029
 Jennifer Ellison,14503,0.469
 Keith Allan,7685,0.197
 Anglica Celaya,4347,0.000195
 Nathan Gamble,7602,0.0745
 Stephen Macht,8869,0.0457
 Alejandro Jodorowsky,7437,1.62
 Matthew Beard,11582,0.0995
 Shae Dlyn,17537,0.000748
 Adilah Barnes,48610,0.00903
 Kristina Wayborn,19093,0.0257
 Peter Billingsley,6808,0.145
 Shari Headley,9866,0.0496
 Francesca Curran,7349,0.00685
 Jeff Bennett,8010,0.521
 Amelia Burstyn,47042,0.0813
 Kevin G Schmidt,6857,0.0295
 Ozzy Osbourne,12522,10.6
 Kevin Dunn,7204,0.297
 Quincy Brown,8784,0.144
 Brittany Allen,8435,0.123
 Olivia Grant,9780,0.0751
 Gary Valentine,7239,0.0895
 Jill Scott,14020,3.14
 Ashley Madekwe,5567,0.423
 Fred Dryer,8255,0.0766
 Diana Ross,8270,9.09
 Giselle Eisenberg,5666,0.0246
 Andrea Thompson,8161,0.293
 Christopher Fitzgerald,33100,0.0745
 JR Bourne,7411,0.207
 Kate Siegel,6753,0.0605
 Lala Kent,26470,0.164
 Lisa Boyle,9753,0.401
 Vince Vieluf,6481,0.0208
 Valene Kane,3012,0.0372
 Carrie Brownstein,9019,0.337
 Shannon Holtzapffel,154711,0.01
 Jennifer Spence,9823,0.0578
 Damon Gupton,7478,0.0571
 Rafael de la Fuente,15743,0.332
 Anne Helm,17170,0.0399
 Ernie Sabella,10346,0.387
 Shirley Eaton,9034,0.13
 Jonathan Firth,7486,0.0295
 Steven Mackintosh,7640,0.0786
 Dany Boon,12717,0.374
 David Clennon,8006,0.0733
 Betty Buckley,2966,0.243
 Sean Patrick Thomas,9621,0.123
 Billy Ray Cyrus,7445,1.4
 Dalila Bela,3682,0.0295
 Holly Robinson Peete,6914,0.256
 Amber Smith,8748,0.925
 Moe Dunford,6946,0.0643
 Tom Savini,7323,0.237
 Erica Ash,20021,0.204
 Diahnne Abbott,8989,0.0322
 Jocelyn Hudon,11470,0.104
 Daniel MacPherson,9027,0.0678
 Bradley Gregg,10044,0.0312
 Traci Lind,8072,0.0325
 Norman Lloyd,11071,0.0892
 Rachel Korine,7120,0.181
 Dey Young,11761,0.0564
 Emily Head,9852,0.0526
 Jenna Haze,7871,8.57
 Jonathan Togo,4692,0.0679
 Michael Esper,18520,0.0594
 Philip Baker Hall,8471,0.15
 Steven Culp,7109,0.0903
 Ulrich Thomsen,7495,0.136
 Michael Showalter,5156,0.191
 Dennis Rodman,9583,9.01
 Mark Linn-Baker,4538,0.0567
 Olympia Dukakis,7448,0.28
 Bebe Cave,17068,0.0142
 Andrew Bryniarski,6445,0.0497
 Carol Channing,10144,0.682
 Rob Morgan,14988,0.121
 Macarena Garca,21033,0.00553
 Lashana Lynch,18902,0.0188
 Andrew Polk,62971,0.0325
 Dina Eastwood,6986,0.102
 Ryann Shane,8120,0.061
 Lydia Rose Bewley,10557,0.0232
 Mouna Traor,19646,0.000242
 Tyson Ritter,6576,0.101
 Erin Brown,7599,0.289
 Lucky Yates,6755,0.0337
 Jessica Lu,7804,0.0525
 Clarence Gilyard Jr,8179,0.0319
 Lucie Guest,20005,0.0157
 Jasika Nicole,6249,0.121
 Jade Eshete,10086,0.0258
 Kimberly Elise,7462,0.504
 Ivonne Coll,10877,0.0592
 Reggie Lee,4985,0.147
 Clark Johnson,10826,0.201
 Laura Ashley Samuels,6802,0.0164
 Sterling Jerins,8153,0.0694
 Esther Garrel,101506,0.0739
 Josh Stamberg,9829,0.0485
 Aidra Fox,12913,12
 Wanda De Jesus,7351,0.0697
 Arianne Zucker,12667,0.177
 Ida Engvoll,14889,0.0176
 Rocky Carroll,9828,0.107
 Reg-Jean Page,23412,0.000258
 Alberto Ammann,11350,0.079
 Holly Davidson,19729,0.103
 Ruby Barnhill,5094,0.0655
 Billy Drago,8276,0.0823
 Ricky Martin,7786,13.6
 Kristen Cloke,9436,0.0359
 Tara Lynne Barr,6637,0.0556
 Angus McLaren,8618,0.0527
 Katie Crown,2787,0.0563
 Connor Murdock,258576,0.0135
 Ted Neeley,7792,0.0807
 Marco Ils,7968,0.00418
 Nicola Posener,11679,0.047
 Volker Bruch,20866,0.0415
 Raylin Joy,8685,0.0164
 Heidi Swedberg,10785,0.0255
 Molly Morgan,11215,0.051
 Jessica Cauffiel,7620,0.0483
 Jessica Pimentel,4399,0.0539
 Michelle Lukes,9348,0.0473
 Mason Cook,5885,0.149
 Roma Maffia,8126,0.0583
 Beth Hall,11444,0.117
 Rebecca Gibney,11833,0.0462
 Kanye West,12693,111
 Thesy Surface,5703,0.0136
 Maria de Medeiros,6793,0.419
 Nick Thune,11691,0.0706
 Julia Dietze,4529,0.108
 Mathew Baynton,12155,0.0545
 Poorna Jagannathan,8551,0.0439
 Patrick St Esprit,7577,0.0541
 John Bradley,5632,1.77
 Kierston Wareing,7801,0.112
 Eric Szmanda,11253,0.121
 Toni Hudson,11300,0.0171
 Arden Myrin,4811,0.0948
 Samantha Eggar,9144,0.113
 Oksana Lada,10286,0.018
 Sophie Thompson,9639,0.088
 Sam Sorbo,13902,0.0375
 Scott McNeil,22538,0.101
 Casey Sander,8736,0.0354
 Sabrina Lloyd,7094,0.063
 Jim Piddock,18207,0.0491
 Lucy DeVito,4734,0.0463
 Sophie Monk,7795,1.26
 Leon Rippy,7748,0.0468
 Jemma Redgrave,11049,0.0638
 Lorna Luft,10476,0.113
 Nicholas Lea,9777,0.0701
 Alan Ford,7184,0.278
 Linda Perry,14574,0.326
 Wenwen Han,7374,0.0419
 Danny Aiello,8084,0.262
 Jeroen Krabb,11315,0.0319
 Lee Arenberg,4138,0.0964
 Erica Carroll,10249,0.0397
 Rob Campbell,14236,0.132
 Ernie Reyes Jr,6704,0.0596
 Jessica DiCicco,11614,0.0972
 Felissa Rose,11807,0.0519
 Joan Van Ark,10986,0.125
 Gil Gerard,8898,0.0897
 Matt Passmore,6553,0.0781
 Pamela Bellwood,8025,0.0376
 Edwige Fenech,10800,1.16
 Jeff Richmond,11565,0.181
 Wynn Everett,7721,0.0339
 Sarah Smart,9907,0.0527
 Toby Schmitz,5045,0.0535
 Anne Reid,9160,0.152
 Kyle Howard,8229,0.0864
 Gary Carr,9089,0.0748
 Jimmy Kimmel,4158,39.2
 Bill Cobbs,7252,0.125
 Millie Davis,11636,0.0403
 George Stults,7851,0.0413
 David Nykl,11192,0.0569
 Hisham Tawfiq,7090,0.064
 Niki Koss,2283,0.0629
 Breeda Wool,10538,0.0453
 Paige Howard,13601,0.0262
 Stephanie Pearson,40909,0.0472
 Honor Kneafsey,2689,0.0255
 Brian Quinn,8930,0.217
 Munro Chambers,7913,0.0896
 Dave Matthews,7881,10.4
 Laila Robins,9496,0.0782
 Jordan Bolger,21139,0.0174
 Michael Jordan,7949,33.2
 Angela Watson,13676,0.131
 Darrell Britt-Gibson,22535,0.0195
 Deborah Baker Jr,7426,0.0161
 Hugh Dillon,13021,0.0721
 Aida Turturro,9139,0.0899
 Aaron Yoo,6358,0.102
 Grace Van Dien,11708,0.0338
 Conor Leslie,5296,0.0469
 Hayley Marie Norman,7714,0.0929
 Deon Richmond,9571,0.0282
 Uriah Shelton,4546,0.0679
 PJ Byrne,7292,0.111
 Tina Cole,20828,0.0467
 Steven Wright,8762,1.05
 Faye McKeever,1211,0.0105
 Alfonso Arau,12220,0.0703
 Brooke Ence,23287,0.114
 Brooke Elliott,6913,0.0955
 Preity Zinta,8037,6.9
 Ingvild Deila,1951,0.011
 Laura Gemser,10390,1.61
 Kirk Fox,13907,0.0403
 Warren Kole,3480,0.045
 Paul Pauly D DelVecchio,18323,0.0423
 Sandy Martin,7909,0.0907
 Ana Ortiz,8495,0.331
 Charlene Amoia,7189,0.027
 Lewis Smith,10102,0.502
 Bruce McCulloch,14760,0.0435
 Rekha Sharma,6641,0.139
 Rick Fox,5969,0.285
 Isabelle McNally,5482,0.0222
 Kyle Newacheck,8243,0.0509
 Ryan Destiny,16626,0.162
 David Charvet,6392,0.149
 Willam Belli,7635,0.202
 Peter Outerbridge,7507,0.0767
 Lauren Parsekian,6486,0.101
 Benot Magimel,9653,0.0423
 Peter Paul,25654,5.78
 Jourdan Dunn,21521,3.62
 Michael McGrady,12459,0.0692
 Jacob Buster,13702,0.0202
 Lyle Waggoner,7591,0.0932
 Becca Brown,13745,0.0568
 Sandy Duncan,9478,0.163
 Svetlana Khodchenkova,5269,0.088
 Alicia Vela-Bailey,4959,0.27
 Marshall Allman,4142,0.102
 Taylor James,113220,1.09
 Adam Pascal,9864,0.168
 Clare Higgins,11606,0.0883
 Susan Hampshire,5870,0.0681
 Joel Marsh Garland,18333,0.031
 Vanilla Ice,9576,20
 Adam Croasdell,2087,0.0324
 Sven-Ole Thorsen,7609,0.0556
 Thomas Doherty,4981,0.362
 Jack Turner,5211,0.213
 Lydia Cornell,13147,0.044
 Louis Ferreira,7415,0.068
 Paul Guilfoyle,8999,0.127
 Claudia Jessie,4313,0.00997
 Steve Kazee,4388,0.198
 Claire Rushbrook,2376,0.0315
 Megan Gallagher,10217,0.0761
 Don McManus,10796,0.057
 Kylee Russell,22332,0.115
 Kris Jenner,11207,14.8
 Pooja Batra,20922,0.275
 Michelle Lee,15084,1.52
 Jane Badler,6889,0.083
 Mike Erwin,13520,0.0601
 Landry Bender,8632,0.125
 Trevor Eve,14431,0.0513
 Cody Kearsley,11534,0.0108
 Philip Bolden,16083,0.0238
 Patricia Belcher,12656,0.0886
 Patrick Muldoon,8061,0.124
 Christina Wolfe,17792,0.164
 Adam Sevani,7864,0.0939
 Elizabeth Hendrickson,14918,0.174
 Ken Olandt,12804,0.0217
 Orlando Brown,7552,0.575
 Christina Chang,9838,0.0648
 Trevor Noah,7708,11.1
 Theresa Randle,8099,0.0738
 Jesse Tyler Ferguson,6440,1.25
 Maia Brewton,10646,0.0213
 David Bennent,7386,0.0316
 Christina Pickles,8660,0.0532
 Claire Bloom,7483,0.295
 Lauren Shaw,7439,0.0731
 Sanjay Dutt,11486,8.64
 Adam Shulman,6390,0.204
 Boyd Gaines,8960,0.0458
 Megan Cavanagh,7592,0.0318
 Teri Weigel,26541,1.99
 Michael Harney,6024,0.0512
 Brian George,8683,0.234
 Senta Berger,7917,0.212
 Walter Koenig,7794,0.173
 Aditi Rao Hydari,15039,3.67
 Melissa Ordway,7846,0.208
 Clive Barker,9550,1.37
 Rosemary Harris,9797,0.153
 Hilary Farr,25235,0.0558
 Rene Estevez,8258,0.00564
 Bo Svenson,4941,0.0925
 Lauren Storm,14536,0.0468
 Dylan Bruno,6168,0.0696
 Will Chase,7019,1.31
 Kym Whitley,7814,0.256
 Mark L Young,6564,0.0488
 Lynsey Baxter,17625,0.0104
 David Soul,8786,0.285
 Emayatzy Corinealdi,5626,0.0704
 Raj Paul,123186,0.0288
 Anouk Aime,7783,0.0166
 Jens Hultn,18472,0.00802
 Lisa Nicole Carson,9714,0.0763
 George Wallace,28282,1.14
 Ellen Adair,13068,0.0107
 Daniel DiMaggio,6667,0.0207
 Taylor Hackford,6779,0.219
 Romany Malco,7063,0.245
 Samantha Ruth Prabhu,15141,2.06
 Michael Stoyanov,3178,0.0196
 Domenick Lombardozzi,5722,0.072
 Roger Cross,9120,0.12
 Erndira Ibarra,457,0.0493
 Marco Leonardi,17497,0.116
 Nicholas Campbell,9279,0.105
 Sara Foster,7903,0.21
 Erik King,9417,0.066
 Sally Ann Howes,4560,0.0555
 Callum Woodhouse,10437,0.0121
 Joe Tippett,42596,0.0295
 Derek Waters,12450,0.0555
 Adrian Lester,9665,0.0868
 William McNamara,4019,0.103
 Ben Aldridge,8278,0.146
 Dan Cortese,11526,0.0394
 Ola Rapace,7667,0.0741
 Christopher Larkin,9613,0.12
 Marc-Andr Grondin,7758,0.000227
 Joanna Douglas,30337,0.0292
 Briana Buckmaster,11138,0.048
 Nicole Hayden,12530,0.0201
 Susan Buckner,11512,0.0283
 Sam Strike,24864,0.0477
 Milynn Sarley,817,0.0216
 Vanessa Williams,3816,4.36
 Taliana Vargas,21558,0.4
 Daniel Doheny,31748,0.0265
 Mitchel Musso,6222,0.31
 Michelle Bauer,15398,0.444
 Lasse Hallstrm,5762,0.0896
 Renoly Santiago,10992,0.0164