 Wendy Schaal,4424,0.0786
 Yasmine Bleeth,1818,0.268
 Paris Berelc,7562,0.261
 Ray Romano,3930,5.18
 Dwight Schultz,4486,0.122
 Lynda Day George,7760,0.0484
 Jessica Carlson,20336,0.112
 Oona Laurence,3850,0.086
 Luke Kirby,3514,0.0958
 Jack Whitehall,5306,0.386
 Louis Greatorex,50042,0.0713
 Stephen Collins,6152,0.461
 Tom Guiry,2402,0.109
 Tom Lipinski,9325,0.281
 Hayley Law,5129,0.0504
 Izabella Scorupco,2154,0.163
 Shree Crooks,6088,0.173
 Dan Hedaya,5261,0.156
 Emerald Fennell,4066,0.116
 Anna Akana,5577,0.31
 Diana Hopper,9681,0.0342
 Siobhan Fallon Hogan,2682,0.308
 Stassi Schroeder,8118,0.273
 Ji-won Ha,15480,0.0832
 Thomas Barbusca,3404,0.062
 Marc Evan Jackson,10978,0.0436
 Sara Malakul Lane,2251,0.357
 Sarayu Blue,12955,0.132
 Silas Weir Mitchell,3055,0.16
 Danny John-Jules,6938,0.0705
 Andrea Bowen,7477,0.143
 Pete Davidson,13212,16.6
 Jason Earles,6669,0.168
 Austin P McKenzie,12861,0.0506
 Michael Malarkey,3743,0.245
 Dascha Polanco,2152,0.369
 Max Gail,8238,0.077
 Michael Cerveris,12504,0.114
 Mackenzie Astin,2897,0.0848
 Christina Milian,4812,1.51
 Rebecca Liddiard,14363,0.246
 Reiko Aylesworth,3988,0.0847
 Laura Allen,6747,0.23
 Amanda Wyss,3417,0.058
 Ryan Lee,5259,0.739
 Tovah Feldshuh,6302,0.118
 Kevin Heffernan,8123,0.103
 Maud Adams,8312,0.19
 Vanessa Ross,6243,0.139
 Fred Dekker,17743,0.0911
 Kerri Doherty,68557,0.144
 Amy Spanger,14026,0.0836
 Diana Muldaur,4843,0.0599
 Kulap Vilaysack,6736,0.109
 Kevin Michael Richardson,4785,0.259
 Hal Ozsan,9047,0.0225
 Elizabeth Bourgine,9740,0.0145
 LQ Jones,5522,0.0836
 Ardal OHanlon,6505,0.0203
 Matt Lauria,4136,0.0898
 Utkarsh Ambudkar,7014,0.0643
 Aidy Bryant,10347,0.264
 Adil El Arbi,35956,0.0329
 Elpidia Carrillo,8263,0.0718
 David Zayas,5684,0.174
 W Earl Brown,4884,0.0893
 Jennifer Schwalbach Smith,2893,0.0589
 Lisa Brenner,10069,0.0579
 Tracy Ann Oberman,12100,0.0468
 Nicholas Brendon,4135,0.18
 Stephen Tobolowsky,4569,0.23
 Lyne Renee,9528,0.07
 Eva Marie Saint,5908,0.416
 Fiona Button,37441,0.0336
 Ethan Phillips,4213,0.131
 Elise Gatien,7393,0.0342
 Jeffrey DeMunn,3752,0.203
 David Ayer,3758,0.877
 Eriq La Salle,4011,0.123
 Trish Van Devere,14489,0.0426
 Eamonn Walker,6080,0.155
 Machine Gun Kelly,3094,4.43
 Beau Knapp,4217,0.116
 Ian Ziering,5717,0.887
 Griffin Gluck,2780,0.0716
 Isaach De Bankol,15945,0.017
 Robert Pine,2442,0.0892
 Salome Jens,5271,0.0636
 Paris Jackson,1575,5.84
 Tom Riley,4706,0.209
 Jon Gries,5034,0.212
 Jacqueline Robbins,18994,0.0102
 Lulu Wilson,11118,0.0934
 Rachael MacFarlane,6687,0.0597
 Max Casella,4670,0.0927
 Gethin Anthony,4715,0.0841
 Bill Burr,4629,1.82
 Olivier Martinez,5179,0.354
 Ariela Barer,14890,0.0526
 Rachel Melvin,5254,0.0709
 Matt Lucas,3263,0.343
 Bitty Schram,5650,0.115
 Dave Foley,4901,0.221
 Robert Smigel,11277,0.097
 AJ Langer,5283,0.218
 Jon Bass,3059,1.52
 James Callis,5054,0.0958
 Jon Watts,5854,0.219
 Hartley Sawyer,19734,0.123
 Erin Cahill,5515,0.107
 Ryan Newman,3032,2.97
 Rupert Evans,3836,0.129
 William Smith,5527,4.08
 David Ramsey,3071,1.02
 Celina Jade,6361,0.165
 Richard Harrington,4932,0.157
 Thure Lindhardt,2923,0.0716
 Paige OHara,1956,0.244
 Cassi Thomson,7650,0.163
 Yeardley Smith,4171,0.237
 Chord Overstreet,4643,1.35
 Andy Favreau,11847,0.028
 Lisa Whelchel,5162,0.126
 James L Brooks,4605,0.281
 Brian Doyle-Murray,4641,0.116
 Yuji Okumoto,12636,0.0381
 Bruce Davison,5342,0.278
 Ian Bohen,7069,0.273
 Richard Riehle,5423,0.126
 Dan Soder,7516,0.0829
 Ryan Merriman,4684,0.133
 Kelli Barrett,7907,0.0276
 Robert Wisdom,7738,0.128
 Corinne Bohrer,4200,0.0488
 Alison Eastwood,4241,0.124
 Drew Carey,7947,1.18
 Andy Buckley,6742,0.0726
 Natalie West,16118,0.0367
 Justin Kirk,4614,0.175
 Laurel Coppock,3008,0.0168
 Josh Trank,8218,0.175
 Linnea Quigley,6455,0.491
 Jasper Pkknen,5662,0.0123
 Jacqueline MacInnes Wood,5074,0.352
 Jennifer Grant,5022,0.125
 Ron Jeremy,4912,7.69
 Marc Alaimo,7896,0.0362
 Arthur Darvill,3388,0.372
 Sandahl Bergman,5780,0.115
 Christopher Masterson,3454,0.097
 Karyn Parsons,3825,0.249
 Michael Raymond-James,3703,0.131
 JoBeth Williams,4996,0.265
 Fred Durst,13213,1.34
 Eddie Kaye Thomas,3716,0.159
 Mike Henry,5322,0.32
 Reign Edwards,17695,0.147
 Tracy Scoggins,5127,0.0938
 Caterina Murino,2951,0.244
 Dan Castellaneta,4858,0.329
 Lorraine Gary,11360,0.0777
 David Henrie,4887,0.843
 Antony Starr,4219,0.0953
 Leah Gibson,11096,0.0876
 Tony Sirico,6016,0.123
 Tommy Martinez,25265,0.0396
 Sprague Grayden,4611,0.0578
 Mili Avital,5884,0.046
 Heida Reed,9206,0.33
 Bill Goldberg,6055,0.429
 Chris Hardwick,5039,5.69
 William Devane,5631,0.185
 Leah Pipes,4990,0.184
 Ian Harding,2533,0.871
 Bernard Cribbins,9403,0.0959
 Gus Van Sant,5444,0.958
 Evan Williams,3653,0.827
 Oprah Winfrey,3649,22.2
 Rene Willett,34124,0.000463
 Gabrielle Walsh,15826,0.0428
 Yunjin Kim,3165,0.216
 Suzanne Snyder,6615,0.0533
 Joe Piscopo,13136,0.241
 Maurice Compte,6179,0.0595
 Russ Tamblyn,3324,0.184
 Carly Schroeder,4867,0.0749
 Robert Duncan McNeill,2978,0.0763
 Alfonso Ribeiro,6098,0.473
 Ricardo Darn,8597,0.131
 Scott Wilson,3090,1.63
 Inga Swenson,18535,0.0269
 Rebecca Breeds,4345,0.067
 Penelope Wilton,5517,0.207
 Meaghan Martin,5962,0.411
 Sarah Ramos,4748,0.0971
 Doug Liman,1267,0.565
 Mercedes Ruehl,3929,0.128
 Scott Baio,5131,2.01
 Robert Picardo,4205,0.198
 Lisa Ryder,11005,0.0638
 Brigid Brannagh,3602,0.0646
 Jacqueline Obradors,6120,0.0992
 John Jarratt,10022,0.0917
 David Herman,5073,0.207
 Gabrielle Dennis,6214,0.108
 Sarah Butler,4440,0.388
 Jayson Blair,10151,0.109
 Scott Cohen,5952,0.268
 Charles Shaughnessy,6221,0.151
 Chauncey Leopardi,4278,0.0337
 Lisa Jakub,3224,0.0476
 Caitlyn Jenner,3322,7.37
 Pascale Hutton,5712,0.0706
 Jason Behr,5959,0.153
 Wyatt Oleff,2564,0.251
 Jemar Michael,2870,0.0569
 Stephanie Katherine Grant,8831,0.0165
 David Faustino,4894,0.145
 Kyle Bornheimer,7893,0.0683
 Mary Wiseman,14097,0.0568
 Aaron Staton,6150,0.0644
 Laura Main,5315,0.0526
 Christine Lahti,2917,0.171
 Gavin MacLeod,7678,0.137
 Eve Plumb,6900,0.149
 Michael Nouri,8134,0.122
 Yvette Mimieux,6385,0.185
 Dominic Scott Kay,3616,0.0188
 Gabrielle Miller,6384,0.11
 Michael Murphy,11647,1.99
 Brooke Williams,7601,0.242
 Bryan Greenberg,3280,0.225
 Heidi Klum,6051,25.6
 Sarah Lind,9552,0.0846
 Annie ODonnell,38328,0.00474
 David O Russell,4669,0.71
 Brian Krause,5210,0.269
 Gates McFadden,4554,0.153
 Emmy Clarke,10142,0.0142
 Nick Gehlfuss,3891,0.0784
 Sam Mendes,4445,1.62
 Irrfan Khan,3822,5
 Greg Vaughan,4889,0.368
 Isaac Hempstead Wright,2887,0.236
 Greg Grunberg,4644,0.205
 Johnny Pemberton,7798,0.0565
 Cas Anvar,7360,0.104
 Peter Weir,6674,0.514
 Rarmian Newton,30791,0.0127
 Alexandra Paul,1878,0.321
 Ava DuVernay,9095,2.45
 Yasmine Al Massri,3423,0.0502
 Ron Cephas Jones,4472,0.0556
 Zuleikha Robinson,4558,0.167
 Peter Jacobson,8369,0.174
 Alia Bhatt,4685,23.2
 Donna Wilkes,13751,0.045
 Courtney B Vance,4293,1.38
 Alexis Georgoulis,12209,0.0428
 TJ Thyne,4928,2.14
 Amy Stoch,14807,0.0454
 Henry Simmons,5551,0.208
 Miriam Margolyes,5887,0.186
 Richard Tyson,5630,0.103
 Pamela Reed,7059,0.136
 Ral Esparza,5052,0.00579
 Perrey Reeves,3220,0.158
 Ferdia Walsh-Peelo,6059,0.0414
 Nicole Polizzi,9604,0.271
 Victoria Yeates,5640,0.0107
 Lauren Tom,3001,0.153
 Eddie Cibrian,2975,0.575
 Neil Brown Jr,8201,0.102
 Jarred Blakiston,55787,0.0106
 Brendan Coyle,5629,0.156
 Nicole da Silva,3794,0.103
 Chase Masterson,6447,0.0818
 Art Malik,9750,0.0719
 Matt Craven,5958,0.105
 Julia Duffy,7367,0.0689
 Tadanobu Asano,6533,0.21
 Brian Patrick Wade,13558,0.0342
 Stefania Spampinato,75644,0.0137
 Christie Peruso,61132,0.0383
 Akshay Kumar,4612,20.8
 Alaina Huffman,4052,0.114
 Tina Desai,184,0.254
 Avi Lake,21678,0.0094
 Amaury Nolasco,2130,0.33
 Sorin Brouwers,21152,0.0243
 Paterson Joseph,8227,0.0625
 John Landis,5612,0.818
 Curtis Armstrong,4627,0.217
 David Sutcliffe,5390,0.122
 David Walliams,5623,0.995
 Elke Sommer,8612,0.246
 Katie Leclerc,3520,0.15
 Mo McRae,14879,0.0492
 John Larroquette,5307,0.236
 Eric Braeden,8739,0.174
 Bonnie Morgan,2947,0.0609
 Anastasia Baranova,3536,0.0802
 Erica Schmidt,6049,0.0482
 Joan Severance,3411,0.232
 Toby Huss,5043,0.0918
 Sebastian Bear-McClard,121398,0.125
 Jeff Leatham,30536,0.186
 Noel Fielding,5446,0.345
 Jean-Luc Bilodeau,4112,0.198
 Patrick Bergin,7316,0.128
 Heather Thomas,4805,0.551
 Alain Washnevsky,67846,0.0181
 Josh Brener,3729,0.105
 Scott Wolf,1992,0.359
 Sam Reid,5657,0.148
 Richard Brake,3926,0.0884
 Louis Garrel,7430,0.314
 Meredith Baxter,7297,0.21
 Carlson Young,4511,0.157
 Thekla Reuten,5871,0.0707
 Michel Gondry,4801,0.788
 Sebastian Roch,3983,0.00475
 Rob Mayes,6785,0.0679
 Susan Clark,8486,0.414
 Ruta Gedmintas,3696,0.097
 Mindy Sterling,6403,0.136
 Bill Hudson,1856,0.147
 Lillo Brancato,2801,0.0632
 John DiMaggio,4128,0.345
 Demin Bichir,1978,0.18
 Charlotte Lewis,6402,0.341
 Blake McIver Ewing,5719,0.0222
 Carly Craig,6921,0.109
 Rahul Kohli,3369,0.148
 Paul Ready,30392,0.0488
 Pooja Shah,106872,0.0821
 Mekhi Phifer,5325,0.363
 Sophie Ward,8185,0.0669
 Matthew Willig,6167,0.0358
 Charlotte Atkinson,34914,0.0286
 Tom Waits,4778,5.75
 Nate Richert,5122,0.0631
 Robinne Lee,11594,0.0774
 Erin Karpluk,4437,0.0853
 Wilford Brimley,5246,0.322
 Susannah Harker,4506,0.0475
 Tituss Burgess,5802,0.282
 Shawn Roberts,3193,0.19
 Jaclyn Betham,56980,0.014
 Beanie Feldstein,10117,0.17
 Connie Stevens,6690,0.415
 Erinn Bartlett,4846,0.0386
 Reba McEntire,6187,4.26
 Leon Russom,11293,0.0612
 Stephen McFeely,25583,0.148
 Jadyn Wong,3717,0.0734
 Christie Brinkley,3991,3.09
 Illeana Douglas,5636,0.174
 Jack Dylan Grazer,6286,0.306
 Blair Redford,7496,0.0881
 Veerle Baetens,10812,0.0809
 Chris Makepeace,11922,0.0326
 Sofia Hublitz,41541,0.0188
 Amy Manson,3288,0.109
 Josh Dylan,92367,0.0232
 Martyn Ford,2680,0.099
 Kareem Abdul-Jabbar,11365,1.89
 Mariel Hemingway,5464,0.336
 Katia Winter,4595,0.172
 Tina Turner,7250,9.24
 Dean Cameron,6659,0.0765
 Nicole Beharie,2405,0.253
 Corey Hawkins,2918,0.166
 Brett Ratner,5874,1.16
 Adam Sinclair,10209,0.0536
 Mindy Cohn,7035,0.127
 Annette Badland,12840,0.0401
 Blair Underwood,5251,0.404
 Mimi Kennedy,7251,0.0726
 Travis Willingham,5610,0.184
 Jonas Armstrong,6850,0.107
 Erika Alexander,3638,0.106
 Madison McKinley,9471,0.109
 Nick Swardson,4635,0.555
 Stephen Geoffreys,10369,0.0449
 Lusia Strus,7967,0.03
 Renny Harlin,8385,0.238
 Nadja Bobyleva,3129,0.0204
 Nick Blood,7626,0.0841
 Nick Bateman,6415,1.47
 Joe Thomas,6887,1.8
 Jacki Weaver,6170,0.268
 Gary Dourdan,5362,0.2
 Teilor Grubbs,5303,0.058
 Chiaki Kuriyama,4956,0.453
 Eric Allan Kramer,7227,0.0776
 David Moscow,3614,0.0641
 Sarah Levy,4077,0.0494
 Joanna Kulig,13780,0.134
 Colin Trevorrow,5916,0.641
 Clare-Hope Ashitey,3226,0.0389
 Michael Weston,6480,0.141
 Alberto Rosende,9542,0.242
 Caroline Goodall,2659,0.129
 Dylan Bruce,4851,0.165
 Candis Cayne,8188,0.105
 Tyra Banks,5181,15.2
 Jason David Frank,3903,0.355
 Richard T Jones,5744,0.209
 Dante Basco,3452,0.167
 Maggie ONeill,11821,0.0291
 Sally Struthers,5323,0.194
 Spencer Breslin,5594,0.0928
 Mary Crosby,8506,0.102
 Benjamin Hollingsworth,9862,0.0425
 Jacob Lofland,1835,0.0783
 Paolo Sorrentino,6261,0.362
 Derek Mears,4484,0.114
 Phylicia Rashad,5608,0.55
 Kane Hodder,5992,0.329
 Phyllis Logan,5399,0.129
 Callie Thorne,3898,0.0988
 Robert Maillet,7972,0.0682
 Martin Compston,1078,0.0955
 Jeff Cohen,4632,0.201
 William Sanderson,4471,0.131
 Danny Elfman,5134,1.64
 Enrique Murciano,1815,0.0877
 Ben Shenkman,7865,0.0764
 Johann Urb,8252,0.0833
 Elliot Fletcher,4303,0.0307
 Mo Collins,6111,0.118
 Jonathan Breck,8920,0.0513
 Elisa Lasowski,3923,0.0791
 Kelly Bishop,5186,0.14
 Caroline Williams,10945,0.208
 Simon McBurney,7021,0.11
 Ruta Lee,10272,0.0699
 Olivia Luccardi,6064,0.0891
 Catherine Steadman,7032,0.0585
 Matt Berry,8044,0.185
 Leslie Jones,5169,2.33
 Jordan Masterson,5101,0.0528
 Christian Bach,937,0.283
 Marnette Patterson,4131,0.0644
 Dave Sheridan,7455,0.0783
 Terry Jones,5224,2.01
 Kim Fields,2950,0.301
 Rade Serbedzija,3690,0.162
 Erik Per Sullivan,3819,0.0886
 Kevin Rankin,6522,0.0739
 James Marshall,1760,1.41
 Anne Lockhart,9008,0.0473
 Jon Lovitz,5896,0.299
 Max Lloyd-Jones,5136,0.044
 Tony Bellew,13841,0.38
 Levy Tran,15587,0.13
 Melanie Nicholls-King,18700,0.0307
 Sasha Jackson,3922,0.0866
 Susan Ward,4705,0.379
 Billy Boyd,6350,0.553
 Bill Moseley,7682,0.233
 Ben Chaplin,5057,0.137
 Elizabeth Whitmere,3608,0.0126
 Brian dArcy James,2570,0.0121
 Ser Anzoategui,189976,0.0159
 Emily Atack,8107,0.285
 Barbara Rush,8300,0.212
 John Benjamin Hickey,7404,0.126
 Greyston Holt,4287,0.0636
 Quinn Shephard,6102,0.0678
 Sam Riley,3136,0.38
 Danny Pino,6499,0.173
 Karan Brar,6330,0.495
 Mike Birbiglia,3939,0.265
 Justin Chon,7689,0.179
 Ray Santiago,11945,0.134
 Tyler Blackburn,2936,0.716
 Melina Vidler,19939,0.0259
 Khris Davis,72280,0.31
 Anna Karina,8059,3.59
 Judd Hirsch,3933,0.228
 Manny Jacinto,17791,0.0338
 David Prowse,3265,0.22
 Peter Riegert,8965,0.103
 Vanessa Paradis,4980,3.2
 Aneesh Chaganty,261595,0.0125
 Brbara Lennie,7766,0.000317
 Kaitlyn Leeb,6573,0.0757
 Terry Kinney,3432,0.138
 Ryan Stiles,7217,0.194
 Rhyon Nicole Brown,19505,0.0138
 Marija Juliette Abney,568027,0.00348
 James Wolk,4304,0.119
 Leanne Lapp,3634,0.027
 Tim McInnerny,6907,0.0749
 Michaela Watkins,5982,0.147
 Elysia Rotaru,4733,0.128
 Rob Raco,1661,0.0566
 Beth Dover,5428,0.0298
 Mario Lopez,7040,6.71
 Judith Roberts,17723,0.0696
 Seychelle Gabriel,2188,0.11
 Navi Rawat,7826,0.0588
 Gayle Rankin,27341,0.0144
 Owen Teague,7406,0.0663
 Chris Colfer,4076,1.5
 Aaron Ashmore,5230,0.144
 Alice Evans,5602,0.197
 Kay Lenz,6487,0.146
 Dalip Singh,4098,0.202
 Rich Sommer,5439,0.155
 Michael Haneke,5239,0.609
 Adam Copeland,6927,0.132
 Sarah Vowell,7845,0.269
 Nicholas Hamilton,1750,0.145
 Dale Pavinski,26102,0.0829
 Marshall R Teague,9472,0.026
 Ally Maki,2816,0.0341
 Robin McLeavy,6408,0.0573
 Douglas Hodge,8502,0.103
 Cheech Marin,6548,0.948
 Tom Mison,2908,0.26
 John Pyper-Ferguson,4382,0.0735
 Gemma Jones,6976,0.188
 Laura Marano,4975,4.84
 Nikolaj Lie Kaas,6565,0.11
 Skai Jackson,5406,1.3
 Amy Aquino,3697,0.0833
 Kate Bond,29281,0.0735
 Max Adler,9392,0.0905
 Ben Browder,948,0.132
 Lorraine Toussaint,4604,0.14
 Karen Dotrice,7487,0.0531
 Dawn Wells,5050,0.226
 Stephen McHattie,4616,0.144
 Patrick Wayne,6007,0.532
 Stephanie Courtney,5691,0.106
 Tim Russ,6466,0.111
 Kevin J OConnor,4760,0.0147
 Rhiannon Fish,4768,0.0662
 Emily Swallow,5346,0.289
 Hayley McFarland,4780,0.0741
 Anna Deavere Smith,7363,0.161
 Bret Harrison,5410,0.0584
 Tahar Rahim,11450,0.165
 Timothy Hughes,262108,0.14
 Mark Rolston,4987,0.119
 Jack Johnson,11489,11.6
 Ben Savage,5603,0.292
 Cory Hardrict,10661,0.309
 Ramses Jimenez,32919,0.0122
 Julie Graham,5463,0.139
 Morgane Polanski,4126,0.0414
 William Jackson Harper,11997,0.0566
 Hayes MacArthur,7482,0.0942
 Barbara Bach,4885,0.395
 Lindsey Gort,536,0.0365
 Kris Holden-Ried,6437,0.105
 Millie Brady,269,0.102
 Max Brown,8273,0.444
 Sierra Aylina McClain,7582,0.0221
 Sean Hayes,5095,1.12
 Alexandra Park,9176,0.664
 Barkhad Abdi,1314,0.165
 Kerri Kenney,8334,0.0583
 Enrique Arce,34793,0.0561
 Josh Bowman,1052,0.296
 Nick Chinlund,7883,0.0691
 Alan Rosenberg,4574,0.107
 Geraldine James,2607,0.151
 Louis Hofmann,13280,0.0782
 Richard Moll,5622,0.0974
 Cameron Mathison,9725,0.125
 Sean Whalen,7707,0.102
 Kareena Kapoor Khan,5064,7.31
 John Nettles,6082,0.0858
 Avril Lavigne,6075,20.3
 Richard Dormer,3509,0.0756
 Campbell Scott,4498,0.359
 Joshua Malina,6318,0.13
 Yasiin Bey,4599,0.276
 Cara Theobold,6498,0.0434
 Brianne Howey,4697,0.0737
 Joel McKinnon Miller,8002,0.0883
 Valry Lessard,95839,9.00E-06
 Samantha Bond,2299,0.131
 Kaitlyn Black,7740,0.0461
 Crystal Lowe,5510,0.188
 Madeleine Madden,75045,0.0112
 Jay R Ferguson,5139,0.085
 Maria Grazia Cucinotta,5437,0.318
 Matthew Morrison,2393,1.11
 Greg Wise,5987,0.0976
 Lark Voorhies,7942,0.208
 Joe Johnston,7527,0.531
 Aitana Snchez-Gijn,7358,0.0523
 Nathalie Boltt,5019,0.0407
 Pamela Sue Martin,6696,0.12
 David Harewood,3195,0
 Susan Yeagley,8282,0.0424
 Greg Cipes,5473,0.192
 Delroy Lindo,5876,0.206
 Barbara Niven,5580,0.109
 Kimberlee Peterson,15549,0.00844
 Josie Davis,3875,0.167
 Carlos Miranda,47717,0.319
 Cameron Britton,110714,0.0304
 Elyse Levesque,5456,0.0969
 Jane Kaczmarek,4790,0.264
 Ayden Mayeri,11689,0.0161
 Hrithik Roshan,3976,11.9
 Richard Masur,4755,0.111
 Neil Marshall,1488,0.186
 Miguel Sandoval,8978,0.187
 Robert Oliveri,10636,0.0213
 Kelly AuCoin,3119,0.0426
 Ann Ogbomo,37082,0.0191
 Sebastian Sozzi,21352,0.0125
 Eric Andr,6031,0.653
 Grant Show,7410,0.151
 Tara Holt,8983,0.0595
 Billy Brown,6207,0.459
 Tricia OKelley,4454,0.00583
 John Light,5690,0.173
 Peta Jensen,12385,19.4
 Dora Madison,6357,0.0931
 Hannah Levien,20378,0.0288
 Jimmy Tatro,13714,0.184
 Vincent Gallo,7238,0.31
 Skandar Keynes,4937,0.816
 Tonya Harding,33775,3.75
 Mike Farrell,5226,0.234
 Sarah Gilman,11853,0.0768
 Helen Shaver,6367,0.155
 Christian Cooke,6058,0.119
 Vladimir Furdo Furdik,6523,0.0294
 Peyton Reed,12139,0.291
 Natalia Reyes,83564,0.081
 Parker McKenna Posey,5755,0.0968
 Kirk Cameron,5638,1.08
 Lynn-Holly Johnson,7096,0.066
 Daryl Mitchell,5431,0.0694
 Travis Van Winkle,5590,0.0811
 Alun Armstrong,6616,0.108
 Jay Anstey,92334,0.0235
 Renee Olstead,4341,0.485
 Mitchell Hurwitz,13512,0.0414
 Conchata Ferrell,6220,0.126
 Jake Abel,3051,0.237
 Peter Coyote,6791,0.298
 Emmanuel Lewis,9207,0.0817
 Sandra Escacena,1132816,0.0489
 Claudia Wells,3784,0.0839
 Clay OBrien,14057,0.00315
 Greg Finley,3954,0.0615
 Steve Talley,5197,0.0529
 David Midthunder,17649,0.0208
 Liam OBrien,6497,0.0178
 Cody Christian,4840,1.11
 Jenifer Lewis,5009,0.24
 Quinton Aaron,9182,0.591
 Scarlett Byrne,5143,0.111
 Catherine Hicks,6501,0.184
 Mindy Robinson,3956,0.314
 Cindy Crawford,6761,15.3
 Lucas Bryant,7889,0.102
 Andrew Buchan,7540,0.0758
 Joseph Cross,4311,0.162
 Jonathan Sadowski,4017,0.4
 Blake Harrison,8382,0.117
 Jewel Kilcher,2938,0.163
 Allan Hawco,7895,0.0504
 Raoul Bova,8527,0.32
 Martin Clunes,7031,0.163
 Adriana Lima,4125,17.8
 Rosie ODonnell,5979,0.13
 Valerie Bertinelli,4376,0.944
 Steve McQueen,3025,9.9
 Marta DuBois,8158,0.0113
 Joe Wright,6308,1.21
 Gianni Decenzo,93759,0.013
 Tim Reid,5474,0.13
 Mitch Pileggi,5182,0.197
 Devin Ratray,5945,0.0602
 Anna Brewster,2851,0.132
 Pawel Pawlikowski,30204,0.111
 JP Karliak,85385,0.019
 Mekia Cox,3260,0.056
 Jennifer Irwin,9619,0.0656
 Lainie Kazan,5176,0.157
 Bradley Pierce,6092,0.0625
 Keith Coogan,5081,0.0639
 Sarah Jane Morris,9646,0.116
 Dedee Pfeiffer,5819,0.0572
 Alex Price,3310,0.12
 Sian Gibson,8835,0.0283
 Lolita Davidovich,4016,0.0857
 Fiona Vroom,6369,0.0346
 Andrea Elson,9103,0.0587
 Cameron Crowe,5256,0.666
 Samuel Barnett,6129,0.0965
 Jake Thomas,7436,0.2
 Kathrine Narducci,4720,0.0477
 Kathleen Munroe,3079,0.0613
 Jamie Anne Allman,6551,0.0319
 Ashton Holmes,7142,0.138
 Kevin McNally,3596,0.167
 Laura Bertram,9837,0.0359
 Elliot Knight,10167,0.0679
 Melanie Liburd,6178,0.0443
 Dan Futterman,9317,0.0661
 Alex Sharp,24265,0.0825
 Coyote Shivers,16634,0.0185
 Brianne Davis,4172,0.118
 Rebecca Staab,4039,0.0332
 Maria Thelma Smradttir,92506,0.152
 James Haven,6169,0.0756
 Jamie Costa,15052,0.111
 Jenn Lyon,8271,0.0315
 Richard Rankin,4468,0.0903
 Penny Johnson Jerald,9820,0.116
 Randy Wayne,10213,0.324
 A Martinez,4156,4.42
 Teyonah Parris,4065,0.222
 Stephen Rea,7548,0.242
 Molly Price,3273,0.0556
 Kel Mitchell,4649,0.201
 Sarita Choudhury,4306,0.243
 Marlo Thomas,6612,0.485
 Kimiko Glenn,3010,0.151
 Nick Cannon,7416,6.96
 Brittany OGrady,11812,0.018
 MC Gainey,6534,0.109
 Cindy Williams,5840,0.472
 Adam Huber,40429,0.0327
 Bob Barker,10189,0.933
 Clive Russell,5663,0.0698
 Dany Garcia,4708,0.0896
 Rosenda Monteros,6825,0.0152
 Cynthia Watros,5278,0.082
 Gary Daniels,7128,0.153
 Jake Short,9568,0.359
 Ludivine Sagnier,4106,0.804
 Alexandra Dowling,7127,0.0429
 Samantha Isler,3580,0.0416
 Chrissie Fit,12968,0.241
 Camryn Manheim,6790,0.188
 Tony Danza,6099,0.659
 Cheyenne Jackson,3581,0.375
 Ali Liebert,7990,0.0857
 Crystal Bernard,5273,0.101
 Charlotte Hope,4093,0.212
 Annie Costner,13114,0.00594
 Casey Wilson,4251,0.26
 Priscilla Faia,5965,0.03
 Kaylee DeFer,4680,0.0882
 Tom Noonan,4838,0.142
 Laz Alonso,8104,0.255
 Austin Amelio,6397,0.0695
 Loretta Devine,6044,0.395
 Chrissy Teigen,3335,20.8
 Emilija Baranac,11381,0.00614
 Alexandra Jimnez,22868,0.000181
 Fiona Dolman,14001,0.0158
 Susan Lynch,10787,0.11
 Melanie Papalia,7554,0.0769
 John Astin,6123,0.193
 John Cameron Mitchell,6993,0.301
 Sophie McShera,4223,0.119
 Cary Guffey,5592,0.0199
 Joe Spano,9608,0.0545
 Joy Bryant,5361,0.339
 Daniel Sunjata,5806,0.156
 Anthony Higgins,7962,0.102
 June Squibb,8425,0.124
 Virginia Williams,5785,0.2
 Milo Gibson,3233,0.0261
 Dinah Manoff,5546,0.0556
 Nadia Bjorlin,3715,0.488
 Currie Graham,6945,0.0596
 Janel Moloney,3704,0.0989
 Edward Fox,6890,0.341
 Francesca Annis,2717,0.137
 Flula Borg,10448,0.0795
 Gavin OConnor,7378,0.122
 Aisha Hinds,3019,0.109
 Brian Bloom,6713,0.125
 Adrienne Houghton,7205,0.0555
 Ali Cobrin,6191,0.145
 Victoria Pratt,6355,0.136
 Jamie Rene Smith,6988,0.000435
 Brian J Smith,445,0.329
 Carol Lynley,5183,0.182
 Byron Mann,12362,0.0884
 Kari Matchett,4246,0.104
 Julie McCullough,8669,0.0957
 Rosalind Chao,6709,0.0627
 Tim McGraw,5011,10.7
 Brandy Norwood,8472,0.364
 Emilia Jones,4729,0.0447
 Harriet Walter,4621,0.125
 Natalie Brown,2737,0.291
 Marguerite MacIntyre,5212,0.0611
 Peter Jason,13783,0.183
 Denis OHare,4320,0.015
 Ted McGinley,5010,0.113
 Lee Kirk,6539,0.0841
 Jahmela Biggs,166392,0.00599
 Sam Jaeger,6398,0.0835
 Bill Duke,6471,0.18
 Joanna Vanderham,6116,0.0468
 Isabella Gomez,8932,0.0828
 Emma Caulfield Ford,4163,0.0317
 Laurence Luckinbill,13532,0.0411
 Martina Garca,4328,0.000341
 Amy-Leigh Hickman,27627,0.0181
 Georgia Hirst,6177,0.0511
 Kyle Mooney,7728,0.128
 Lindsay Crouse,3488,0.108
 Vik Sahay,11817,0.0418
 Susan Gallagher,39743,0.0524
 Geoffrey Owens,1526,0.0227
 Emily Baldoni,7877,0.0724
 Naturi Naughton,3611,0.598
 Pierce Gagnon,6738,0.0537
 Peter Franzn,5705,0.0432
 Emily Tennant,5990,0.0742
 Melonie Diaz,5741,0.163
 Jill Latiano,4289,0.0205
 Valerie Mahaffey,5436,0.0497
 Amy Morton,8050,0.0788
 Charlie OConnell,13033,0.0238
 Brendan Hines,4944,0.07
 Joyce Hyser,8388,0.075
 Adrian Paul,5056,0.468
 Maria Menounos,5514,3.9
 Una Stubbs,8248,0.115
 Justin Berfield,5265,0.103
 Joel Schumacher,5233,0.62
 Georgina Reilly,6149,0.0906
 Aisling Bea,7121,0.0725
 Anna McGahan,13426,0.0406
 Wayne Brady,8257,0.673
 Gary Burghoff,4653,0.0829
 Harley Quinn Smith,2633,0.0793
 Patti DArbanville,6042,0.148
 Tracy Pollan,5983,0.0916
 Taylor Hemsworth,174206,0.00814
 David Haig,12047,0.0532
 Drew Pearce,11514,0.0941
 Peter Dante,6840,0.044
 Jessica Keenan Wynn,29151,0.0332
 Nicky Katt,7361,0.0564
 Courtney Sauls,47416,0.0107
 Nadia Alexander,20245,0.0347
 Brian Benben,7681,0.0526
 Yun-Fat Chow,5279,1.1
 Carter Cruise,17075,10.3
 Christian Hillborg,342,0.0179
 Jackie Swanson,5105,0.0237
 Craig Ferguson,5159,1.87
 Stephen Gaghan,5554,0.0782
 Evelyne Brochu,6069,0.146
 Lee Tergesen,5445,0.132
 Chris Columbus,5991,0.92
 Anna Levine,4637,0.113
 Tisha Campbell-Martin,5718,0.199
 Lisa Niemi,7542,0.104
 Donna Dixon,3151,0.11
 David Castro,11103,0.412
 Atandwa Kani,26757,0.0157
 Fatih Akin,10900,0.198
 Kevin Weisman,6018,0.054
 Obba Babatund,8056,0.023
 Sierra Capri,1980759,0.0242
 Vernon Wells,5941,0.202
 Don Stark,5613,0.0763
 Jackie Geary,6886,0.00924
 Jonathan Kasdan,19182,0.0383
 Snoop Dogg,4880,35.8
 Maddie Hasson,5550,0.386
 Romi Rain,10997,17.1
 George Takei,6077,11.2
 Timothy Granaderos,1565,0.11
 Tiger Shroff,17360,6.48
 Tamera Mowry-Housley,7660,0.186
 Charles Grodin,3901,0.27
 Jill Schoelen,10666,0.0706
 Noah Munck,4813,0.105
 Sarah Alexander,5471,0.177
 Daniel Bonjour,20660,0.0299
 Allen Leech,3854,0.263
 India Menuez,6137,0.0412
 Maiara Walsh,5293,0.131
 Lance Gross,9262,0.323
 Robert Fuller,6483,0.276
 Sonja Sohn,6394,0.0849
 LeVar Burton,5067,0.558
 Trey Smith,9995,0.252
 Deborah Ayorinde,5137,0.0133
 Robert Carradine,1600,0.185
 Jennifer Hudson,2543,10.8
 Tom Courtenay,8473,0.23
 Rutina Wesley,4282,0.308
 Harmony Korine,5772,0.442
 Sterling Sulieman,15198,0.0147
 Debbie Allen,5200,0.783
 Justin Bieber,3317,99.5
 Logan Paul,2292,16
 Tom Pelphrey,1048,0.085
 Catherine Oxenberg,5447,0.128
 Jessica Collins,6274,0.254
 Julio Macias,828389,0.0215
 Daniel Franzese,5164,0.14
 Gwen Stefani,3917,21
 Esther Povitsky,11281,0.0392
 Tia Mowry-Hardrict,5171,0.108
 Monique Gabrielle,19436,0.407
 Dash Mihok,4966,0.13
 Guillaume Canet,6076,0.486
 Norma Kuhling,9603,0.0085
 Elizabeth Ashley,9565,0.359
 Sonam Kapoor,16234,17.9
 Rochelle Aytes,5166,0.112
 Blake Cooper,15853,0.0856
 Trevor Stines,1599,0.0714
 Roxanne Hart,13584,0.0823
 Debrah Farentino,11655,0.0625
 Alyssa Diaz,6317,0.102
 Aomi Muyock,6589,0.179
 Kevin Anderson,13428,1.33
 Bree Olson,6202,9.55
 Jesse Jane,4764,7.88
 Barbi Benton,3017,0.315
 Joshua Mikel,12000,0.0419
 Sung Kang,3166,1.08
 John Waters,5140,2.27
 Sydney Tamiia Poitier,4442,0.0446
 Rafaela Mandelli,42197,0.0799
 Carlos PenaVega,7481,0.219
 Jenny Lewis,5822,0.529
 Tommy Tiny Lister,4935,0.074
 Laura Innes,5813,0.117
 David S Lee,16910,0.185
 Heather Lind,5227,0.124
 Shazad Latif,9918,0.0678
 Kelly Thornton,6119,0.0274
 Emilio Rivera,6675,0.156
 Israel Broussard,9684,0.104
 Shoshannah Stern,4624,0.0306
 Geoff Pierson,3892,0.0591
 Hera Hilmar,8584,0.121
 Andre Royo,4777,0.0933
 Jonny Weston,5873,0.0998
 Janel Parrish,2738,0.585
 Katharine Towne,1352,0.0562
 Joan Plowright,6955,0.178
 Alek Skarlatos,270283,0.118
 Amirah Vann,5732,0.0559
 Marsai Martin,11142,0.133
 Michelle Johnson,4657,1.03
 Rebeccah Bush,23379,0.0615
 Alison Bell,53918,0.0499
 Len Cariou,7286,0.173
 Elaine Tan,13050,0.0837
 Chi McBride,5509,0.175
 Brittney Parker Rose,69686,0.0374
 Amanda Redman,9788,0.141
 Brett Gelman,7001,0.0935
 Josh Helman,4057,0.0722
 Andrew Dice Clay,6154,0.629
 Chanel Cresswell,7110,0.0212
 Susan Kelechi Watson,5190,0.226
 Isabel May,102207,0.049
 Stephi Chin-Salvo,23918,0.0141
 Stephanie March,6284,0.234
 Elvy Yost,3304,0.0218
 Naomi Campbell,9832,16.3
 Nonso Anozie,5872,0.105
 Ellen Muth,6223,0.0818
 Lise Slabber,5287,0.0622
 Charlotte McKinney,1989,6.19
 Marion Dunn,1048847,0.0268
 Deborah Van Valkenburgh,9734,0.0396
 Darko Peric,59976,0.017
 Catherine Reitman,4456,0.0649
 David Dawson,1029,0.334
 Alisha Newton,5927,0.0628
 Rila Fukushima,4244,0.162
 John de Lancie,4661,0.128
 Jenny Mollen,4791,0.164
 Connor Jessup,5103,0.0861
 Eliza Butterworth,602,0.0121
 Tori Black,5161,26.4
 Bruno Ganz,5940,0.265
 Louise Lombard,6015,0.0863
 Adam Godley,7143,0.0646
 Maury Sterling,5085,0.0575
 Peter Cambor,9455,0.0356
 Joe Jonas,9845,10.5
 Sean Grandillo,10264,0.0333
 Laura Leighton,6020,0.141
 Max Beesley,971,0.0732
 Lauren Lane,9173,0.251
 Rob Heaps,9061,0.0276
 Katie Lowes,2772,0.222
 Sue Lyon,6511,0.151
 Schuyler Fisk,5548,0.0715
 Deep Roy,5012,0.0816
 Sebastian Pigott,15931,0.0282
 Melinda Culea,13579,0.0208
 Linda Lavin,4280,0.133
 Scott Evans,13858,0.754
 Michael Welch,4590,0.302
 Chuck Lorre,8217,0.412
 Troy Garity,6626,0.0857
 Vanessa Chester,5591,0.0152
 Sharon Farrell,10479,0.111
 Lindsey Kraft,1296,0.0281
 Michelle Meyrink,4203,0.0298
 Joe Rogan,6136,6.51
 Adah Sharma,13922,2.03
 Jean-Paul Belmondo,7744,0.741
 Brian Blessed,5702,0.289
 Larissa Wilson,16012,0.0223
 Michael Beck,6433,0.27
 Tattiawna Jones,5942,0.0171
 Robert Davi,5855,0.212
 Brett Cullen,7784,0.11
 Ryan Cartwright,3389,0.0653
 Suzanne Somers,5419,1.54
 Travis Wester,11340,0.0306
 Tammy Gillis,19831,0.034
 Richard Grieco,5756,0.129
 Chad Lindberg,6087,0.097
 Cathy Belton,25209,0.0791
 Beln Rueda,8045,0.00612
 Phyllis Coates,10135,0.042
 Derek Theler,3762,0.225
 Jonah Hauer-King,39166,0.0748
 Anton Lesser,7973,0.0853
 Kenneth Mitchell,7698,0.139
 Julia Benson,6836,0.148
 Patti LuPone,2133,0.496
 Gigi Hadid,6485,32.9
 Robert Downey Sr,8993,0.0563
 Michael Roark,7133,0.0402
 John Amos,6130,0.287
 Trini Alvarado,9566,0.0563